metric,Qwen2.5_3B_Base,Pure_GRPO_ckpt1900,Pure_GRPO_plus_ExperienceEvo_v4clean,unit,notes
n,1162,1162,1162,tasks,same_OEA_manifest
success_rate,0.7185886,0.7065404,0.7375215,ratio,Base_raw_report_and_stable3_metrics_summary
status_completed,1138,1130,1140,count,
status_failed,24,30,19,count,
status_system_limited,0,2,3,count,
set_precision,0.5880,0.5833,0.5808,ratio,Base_legacy_metrics_suite_approx
set_recall,0.4929,0.4876,0.5060,ratio,Base_legacy_metrics_suite_approx
set_f1,0.5142,0.5102,0.5137,ratio,
multiset_precision,,0.5015,0.4780,ratio,not_recorded_in_Base_raw_report
multiset_recall,,0.4735,0.4602,ratio,not_recorded_in_Base_raw_report
multiset_f1,,0.4514,0.4300,ratio,not_recorded_in_Base_raw_report
exact_match,,0.1239,0.1282,ratio,not_recorded_in_Base_raw_report
ordered_exact,,0.0628,0.0637,ratio,not_recorded_in_Base_raw_report
any_order,0.0723,0.1506,0.1601,ratio,legacy_vs_new_field_do_not_compare_strictly
same_order,0.0706,0.1454,0.1506,ratio,legacy_vs_new_field_do_not_compare_strictly
unique,0.1368,0.1867,0.2255,ratio,legacy_vs_new_field_do_not_compare_strictly
tool_error_rate,0.4845,0.4974,0.3417,ratio,
f1_perception,0.3198,0.2307,0.3451,ratio,Base_legacy_metrics_suite_scale_diff_possible
f1_operation,0.3025,0.2088,0.1653,ratio,Base_legacy_metrics_suite_scale_diff_possible
f1_logic,,0.2530,0.2492,ratio,Base_null
f1_gis,0.7025,0.6382,0.5965,ratio,Base_legacy_metrics_suite_scale_diff_possible
empty_rate,,0.0594,0.1351,ratio,not_recorded_in_Base_raw_report
cap_rate,,0.0207,0.0129,ratio,not_recorded_in_Base_raw_report
errors_per_task,,1.5654,1.1368,count,not_recorded_in_Base_raw_report
tools_per_task,,3.7530,3.6308,count,not_recorded_in_Base_raw_report
llm_per_task,,4.7324,4.7410,count,not_recorded_in_Base_raw_report
tokens_per_task,36197.7642,35607.7582,42081.3597,tokens,Base computed from 42061802/1162
time_per_task,,103.6485,86.3014,seconds,not_recorded_in_Base_raw_report
