dataset,method,n,primary_metric,primary_value,secondary_metrics,evidence,source,interpretation
ToolBench strict paper split,Base,160,Success,86.25%,Avg tools 5.14; Tool error 14.37%; Repeat 10.62%,Reported snapshot,raw/promptevo/toolbench/test_*_metrics_summary.json,冻结 strict split
ToolBench strict paper split,PromptEvo Stage1,160,Success,88.12%,Avg tools 4.67; Tool error 7.50%; Repeat 9.38%,Reported snapshot,raw/promptevo/toolbench/test_*_metrics_summary.json,当前较清晰的正向结果
ToolBench strict paper split,PromptEvo Stage2,160,Success,84.38%,Avg tools 5.59; Tool error 10.00%; Repeat 8.75%,Reported snapshot,raw/promptevo/toolbench/test_*_metrics_summary.json,Stage2 相对 Stage1 回退
API-Bank held-out,Base,79,Exact call accuracy,81.013%,,Reported snapshot,raw/promptevo/api_bank/*_summary.json,独立保留集
API-Bank held-out,PromptEvo,79,Exact call accuracy,81.013%,,Reported snapshot,raw/promptevo/api_bank/*_summary.json,与 Base 持平
API-Bank full,PromptEvo Stage2,389,Success,83.55%,Tool F1 .9572; Parse 97.69%; API name 96.92%,Reported snapshot,src/terrabox/evolution/指标汇总_PromptEvo与RL_20260921.md,含 train/dev，不能当独立泛化结果
AgentDojo snapshot,Base,1081,Utility,73.45%,Security 35.43%; Balanced 61.53%,Reported snapshot,src/terrabox/evolution/指标汇总_PromptEvo与RL_20260921.md,旧周报批次
AgentDojo snapshot,Stage3,1081,Utility,74.19%,Security 34.14%; Balanced 62.28%,Reported snapshot,src/terrabox/evolution/指标汇总_PromptEvo与RL_20260921.md,utility/balanced 上升但 security 下降
tau2-bench,Qwen3-8B Base,1500,Success/reward,8.47%,Calls 11.10; Duration 60.58s; DB failure 47.40%,Reported snapshot,paper/self_evolving_agents/交付包_论文与中期答辩_20260814/PromptEvo/main.tex,多轮交易环境
tau2-bench,Qwen3-8B Stage2,1500,Success/reward,9.20%,Calls 11.84; Duration 77.59s; DB failure 50.40%,Reported snapshot,paper/self_evolving_agents/交付包_论文与中期答辩_20260814/PromptEvo/main.tex,收益小幅增加但成本和失败上升
OEA LongCat think,Base,1162,Success,86.1%,Set F1 .685; Exact 15.4%; Tokens 65.59M,Reported snapshot,src/terrabox/evolution/指标汇总_PromptEvo与RL_20260921.md,历史批次
OEA LongCat think,PromptEvo Stage1,1162,Success,83.7%,Set F1 .690; Exact 17.0%; Tokens 68.61M,Reported snapshot,src/terrabox/evolution/指标汇总_PromptEvo与RL_20260921.md,轨迹指标改善不抵消 success 下降
OEA LongCat think,PromptEvo Stage2,1162,Success,83.3%,Set F1 .685; Exact 17.0%; Tokens 70.79M,Reported snapshot,src/terrabox/evolution/指标汇总_PromptEvo与RL_20260921.md,成本更高且 success 进一步下降
OEA Qwen3 matched,Qwen3-8B Base,806,Success,85.484%,Set F1 .605; Multi F1 .527; Exact 21.464%; Ordered 15.012%; AnyOrder 27.543%; SameOrder 27.047%; Unique 32.010%; Tool error 56.576%; Tokens 39.63M; Time 186.1s,Real,tmp/cleanup_archive_20260911/root_artifacts/promptevo_metrics_results_prompts_20260719.tar.gz#oea_qwen3_base_stage1_stage2_rollout_metrics_rich.json,Stage2 已完成任务交集；oea15 重算；无 answer judge
OEA Qwen3 matched,PromptEvo Stage1,806,Success,83.251%,Set F1 .626; Multi F1 .544; Exact 29.404%; Ordered 18.859%; AnyOrder 31.886%; SameOrder 31.266%; Unique 35.980%; Tool error 30.025%; Tokens 37.40M; Time 128.5s,Real,tmp/cleanup_archive_20260911/root_artifacts/promptevo_metrics_results_prompts_20260719.tar.gz#oea_qwen3_base_stage1_stage2_rollout_metrics_rich.json,Stage2 已完成任务交集；oea15 重算；无 answer judge
OEA Qwen3 matched,PromptEvo Stage2,806,Success,82.506%,Set F1 .605; Multi F1 .514; Exact 24.069%; Ordered 16.005%; AnyOrder 28.164%; SameOrder 27.667%; Unique 32.134%; Tool error 35.980%; Tokens 39.67M; Time 166.3s,Real,tmp/cleanup_archive_20260911/root_artifacts/promptevo_metrics_results_prompts_20260719.tar.gz#oea_qwen3_base_stage1_stage2_rollout_metrics_rich.json,Stage2 已完成任务交集；oea15 重算；无 answer judge
StableToolBench strict paper split,Base,160,Success,86.25%,Avg tools 5.14; No-finish 11.88%; Give-up 4.38%; Tool error 14.37%; Repeat 10.62%,Reported snapshot,中期答辩案例包_20260921/raw/promptevo/toolbench/test_base_metrics_summary.json,冻结 strict split
StableToolBench strict paper split,Ours Stage1,160,Success,88.12%,Avg tools 4.67; No-finish 11.88%; Give-up 0.62%; Tool error 7.50%; Repeat 9.38%,Reported snapshot,中期答辩案例包_20260921/raw/promptevo/toolbench/test_stage1_metrics_summary.json,冻结 strict split
StableToolBench strict paper split,Ours Stage2,160,Success,84.38%,Avg tools 5.59; No-finish 15.62%; Give-up 0.00%; Tool error 10.00%; Repeat 8.75%,Reported snapshot,中期答辩案例包_20260921/raw/promptevo/toolbench/test_stage2_metrics_summary.json,冻结 strict split；Success 回退
StableToolBench legacy diagnostic,Base,765,Success,59.22%,Avg calls 6.80; No-finish 17.91%; Give-up 30.33%; Tool error 70.20%; Transient error 68.76%,Reported snapshot,中期答辩案例包_20260921/tables/promptevo_all_scenarios.csv,历史诊断口径
StableToolBench legacy diagnostic,Ours Stage1,765,Success,58.82%,Avg calls 6.75; No-finish 18.43%; Give-up 30.20%; Tool error 69.15%; Transient error 67.84%,Reported snapshot,中期答辩案例包_20260921/tables/promptevo_all_scenarios.csv,历史诊断口径
StableToolBench legacy diagnostic,Ours Stage2,765,Success,57.52%,Avg calls 7.08; No-finish 18.82%; Give-up 29.93%; Tool error 69.28%; Transient error 68.37%,Reported snapshot,中期答辩案例包_20260921/tables/promptevo_all_scenarios.csv,历史诊断口径；Success 回退
