experiment,n_judged,n_gen,answer_acc_pct,answer_acc_gen_pct,provider,source,status
experience_evo_v4_default_ablation200_20260809,148,52,49.223,73.077,LongCat,tmp/trajectories/experience_evo_v4_default_ablation200_20260809/standard/report.json,Real
experience_evo_v4_verifier_off_ablation200_20260809,148,52,49.635,82.692,LongCat,tmp/trajectories/experience_evo_v4_verifier_off_ablation200_20260809/standard/report.json,Real
experience_evo_v4_step_hint_off_ablation200_20260809,148,52,48.210,55.769,LongCat,tmp/trajectories/experience_evo_v4_step_hint_off_ablation200_20260809/standard/report.json,Real
experience_evo_v4_checker_on_ablation200_20260809,148,52,47.568,80.769,LongCat,tmp/trajectories/experience_evo_v4_checker_on_ablation200_20260809/standard/report.json,Real
experience_evo_v4_clean_checker_on_ablation200_dockerfixed_20260818,148,52,50.365,65.385,LongCat,tmp/trajectories/experience_evo_v4_clean_checker_on_ablation200_dockerfixed_20260818/standard/report.json,Real
experience_evo_v4_generic_guard_ablation200_dockerfixed_20260818,148,52,45.297,71.154,LongCat,tmp/trajectories/experience_evo_v4_generic_guard_ablation200_dockerfixed_20260818/standard/report.json,Real
experience_evo_v4_no_store_soft_only_ablation200_dockerfixed_20260818,148,52,47.392,75.000,LongCat,tmp/trajectories/experience_evo_v4_no_store_soft_only_ablation200_dockerfixed_20260818/standard/report.json,Real
experience_evo_v4_quse_off_ablation200_20260809,148,52,45.831,67.308,LongCat,tmp/trajectories/experience_evo_v4_quse_off_ablation200_20260809/standard/report.json,Real
ours_wo_qnr_quse_full,1020,142,50.066,77.465,LongCat,tmp/trajectories/ours_wo_qnr_quse_full/standard/report.json,Real
ours_wo_step_hint_full,1020,142,50.203,66.197,LongCat,tmp/trajectories/ours_wo_step_hint_full/standard/report.json,Real
ours_wo_verifier_full,1020,142,49.742,81.690,LongCat,tmp/trajectories/ours_wo_verifier_full/standard/report.json,Real
ours_random_retrieval_control_full,1020,142,51.228,71.831,LongCat,tmp/trajectories/ours_random_retrieval_control_full/standard/report.json,Real
