step,n,has_recommendation,adopts
0,5,0.0,0.0
1,1157,0.8660328435609335,0.6992221261884183
2,996,0.8022088353413654,0.5050200803212851
3,874,0.8226544622425629,0.6556064073226545
4,834,0.4784172661870504,0.21103117505995203
5,456,0.4057017543859649,0.13157894736842105
6,226,0.5973451327433629,0.1902654867256637
7,161,0.577639751552795,0.18012422360248448
8,111,0.6216216216216216,0.22522522522522523
9,87,0.5977011494252874,0.20689655172413793
10,66,0.6666666666666666,0.24242424242424243
11,52,0.5769230769230769,0.23076923076923078
12,47,0.5531914893617021,0.10638297872340426
13,32,0.625,0.1875
14,20,0.6,0.15
