method,calls,value,metric
Base,0,0.0,(a) Prefix Set F1
Base,0,0.0,(b) Expected-tool recall
Base,1,0.3856896975657733,(a) Prefix Set F1
Base,1,0.26584911072862877,(b) Expected-tool recall
Base,2,0.6031370379477092,(a) Prefix Set F1
Base,2,0.5117326448651749,(b) Expected-tool recall
Base,3,0.6279997541185148,(a) Prefix Set F1
Base,3,0.5558806655192198,(b) Expected-tool recall
Base,4,0.7267102423298637,(a) Prefix Set F1
Base,4,0.7214429145152036,(b) Expected-tool recall
Base,5,0.6998389352089869,(a) Prefix Set F1
Base,5,0.7487808376362592,(b) Expected-tool recall
Base,6,0.6975045512911261,(a) Prefix Set F1
Base,6,0.7640131956397016,(b) Expected-tool recall
Base,7,0.699345930413056,(a) Prefix Set F1
Base,7,0.7778542742398163,(b) Expected-tool recall
Base,8,0.700121450551743,(a) Prefix Set F1
Base,8,0.788382099827883,(b) Expected-tool recall
Base,9,0.7010727511157804,(a) Prefix Set F1
Base,9,0.7956540447504302,(b) Expected-tool recall
Base,10,0.7029314537059803,(a) Prefix Set F1
Base,10,0.8048049340218015,(b) Expected-tool recall
Base,11,0.7029161840263389,(a) Prefix Set F1
Base,11,0.8098250143430866,(b) Expected-tool recall
Base,12,0.7029337176497245,(a) Prefix Set F1
Base,12,0.812378083763626,(b) Expected-tool recall
Base,13,0.7027651350370798,(a) Prefix Set F1
Base,13,0.8147733792312105,(b) Expected-tool recall
Base,14,0.7032746561145872,(a) Prefix Set F1
Base,14,0.8171399885255307,(b) Expected-tool recall
Base,15,0.7030978034205227,(a) Prefix Set F1
Base,15,0.8180722891566264,(b) Expected-tool recall
Base,16,0.7030978034205227,(a) Prefix Set F1
Base,16,0.8180722891566264,(b) Expected-tool recall
Base,17,0.7030978034205227,(a) Prefix Set F1
Base,17,0.8180722891566264,(b) Expected-tool recall
Base,18,0.7030978034205227,(a) Prefix Set F1
Base,18,0.8180722891566264,(b) Expected-tool recall
Base,19,0.7030978034205227,(a) Prefix Set F1
Base,19,0.8180722891566264,(b) Expected-tool recall
Base,20,0.7030978034205227,(a) Prefix Set F1
Base,20,0.8180722891566264,(b) Expected-tool recall
ExperienceEvo,0,0.0,(a) Prefix Set F1
ExperienceEvo,0,0.0,(b) Expected-tool recall
ExperienceEvo,1,0.43383739037783786,(a) Prefix Set F1
ExperienceEvo,1,0.30011474469305793,(b) Expected-tool recall
ExperienceEvo,2,0.6544012785837225,(a) Prefix Set F1
ExperienceEvo,2,0.5596242111302352,(b) Expected-tool recall
ExperienceEvo,3,0.6716471327486818,(a) Prefix Set F1
ExperienceEvo,3,0.5995697074010328,(b) Expected-tool recall
ExperienceEvo,4,0.763714722836926,(a) Prefix Set F1
ExperienceEvo,4,0.7569133677567412,(b) Expected-tool recall
ExperienceEvo,5,0.7564038466792339,(a) Prefix Set F1
ExperienceEvo,5,0.7842369477911646,(b) Expected-tool recall
ExperienceEvo,6,0.7617080567166625,(a) Prefix Set F1
ExperienceEvo,6,0.8006167527251864,(b) Expected-tool recall
ExperienceEvo,7,0.7658602250684866,(a) Prefix Set F1
ExperienceEvo,7,0.8108864027538726,(b) Expected-tool recall
ExperienceEvo,8,0.768423974189895,(a) Prefix Set F1
ExperienceEvo,8,0.8180866322432587,(b) Expected-tool recall
ExperienceEvo,9,0.7706228128345168,(a) Prefix Set F1
ExperienceEvo,9,0.8233075157773954,(b) Expected-tool recall
ExperienceEvo,10,0.7713336768414221,(a) Prefix Set F1
ExperienceEvo,10,0.8269219736087206,(b) Expected-tool recall
ExperienceEvo,11,0.7720877420533186,(a) Prefix Set F1
ExperienceEvo,11,0.8293172690763052,(b) Expected-tool recall
ExperienceEvo,12,0.7731116273284948,(a) Prefix Set F1
ExperienceEvo,12,0.831669535283993,(b) Expected-tool recall
ExperienceEvo,13,0.7733825268248675,(a) Prefix Set F1
ExperienceEvo,13,0.8323436603557085,(b) Expected-tool recall
ExperienceEvo,14,0.7737380042027203,(a) Prefix Set F1
ExperienceEvo,14,0.8332042455536431,(b) Expected-tool recall
ExperienceEvo,15,0.7737380042027203,(a) Prefix Set F1
ExperienceEvo,15,0.8332042455536431,(b) Expected-tool recall
ExperienceEvo,16,0.7737380042027203,(a) Prefix Set F1
ExperienceEvo,16,0.8332042455536431,(b) Expected-tool recall
ExperienceEvo,17,0.7737380042027203,(a) Prefix Set F1
ExperienceEvo,17,0.8332042455536431,(b) Expected-tool recall
ExperienceEvo,18,0.7737380042027203,(a) Prefix Set F1
ExperienceEvo,18,0.8332042455536431,(b) Expected-tool recall
ExperienceEvo,19,0.7737380042027203,(a) Prefix Set F1
ExperienceEvo,19,0.8332042455536431,(b) Expected-tool recall
ExperienceEvo,20,0.7737380042027203,(a) Prefix Set F1
ExperienceEvo,20,0.8332042455536431,(b) Expected-tool recall
Reflection,0,0.0,(a) Prefix Set F1
Reflection,0,0.0,(b) Expected-tool recall
Reflection,1,0.3765265142201459,(a) Prefix Set F1
Reflection,1,0.2590504876649455,(b) Expected-tool recall
Reflection,2,0.5974100483566921,(a) Prefix Set F1
Reflection,2,0.5068559954102123,(b) Expected-tool recall
Reflection,3,0.6249467256782231,(a) Prefix Set F1
Reflection,3,0.5568273092369478,(b) Expected-tool recall
Reflection,4,0.715980247520695,(a) Prefix Set F1
Reflection,4,0.712320711417097,(b) Expected-tool recall
Reflection,5,0.6925437681461777,(a) Prefix Set F1
Reflection,5,0.7490103270223751,(b) Expected-tool recall
Reflection,6,0.690431236386486,(a) Prefix Set F1
Reflection,6,0.7649311531841653,(b) Expected-tool recall
Reflection,7,0.6951828960865105,(a) Prefix Set F1
Reflection,7,0.7783275960986805,(b) Expected-tool recall
Reflection,8,0.6983922082889381,(a) Prefix Set F1
Reflection,8,0.7899311531841652,(b) Expected-tool recall
Reflection,9,0.6987016712490034,(a) Prefix Set F1
Reflection,9,0.7963425129087779,(b) Expected-tool recall
Reflection,10,0.7002607213020293,(a) Prefix Set F1
Reflection,10,0.8014343086632243,(b) Expected-tool recall
Reflection,11,0.7027105376933259,(a) Prefix Set F1
Reflection,11,0.8067986230636833,(b) Expected-tool recall
Reflection,12,0.7035763528878848,(a) Prefix Set F1
Reflection,12,0.8101549053356282,(b) Expected-tool recall
Reflection,13,0.704400738867176,(a) Prefix Set F1
Reflection,13,0.8135829030407343,(b) Expected-tool recall
Reflection,14,0.7052810547647036,(a) Prefix Set F1
Reflection,14,0.8163080895008605,(b) Expected-tool recall
Reflection,15,0.7061819372060336,(a) Prefix Set F1
Reflection,15,0.8188468158347676,(b) Expected-tool recall
Reflection,16,0.7061819372060336,(a) Prefix Set F1
Reflection,16,0.8188468158347676,(b) Expected-tool recall
Reflection,17,0.7061819372060336,(a) Prefix Set F1
Reflection,17,0.8188468158347676,(b) Expected-tool recall
Reflection,18,0.7061819372060336,(a) Prefix Set F1
Reflection,18,0.8188468158347676,(b) Expected-tool recall
Reflection,19,0.7061819372060336,(a) Prefix Set F1
Reflection,19,0.8188468158347676,(b) Expected-tool recall
Reflection,20,0.7061819372060336,(a) Prefix Set F1
Reflection,20,0.8188468158347676,(b) Expected-tool recall
MemRL,0,0.0,(a) Prefix Set F1
MemRL,0,0.0,(b) Expected-tool recall
MemRL,1,0.3794647979673797,(a) Prefix Set F1
MemRL,1,0.2609437751004016,(b) Expected-tool recall
MemRL,2,0.6027067453487419,(a) Prefix Set F1
MemRL,2,0.5164371772805507,(b) Expected-tool recall
MemRL,3,0.6414002950577821,(a) Prefix Set F1
MemRL,3,0.5801061388410785,(b) Expected-tool recall
MemRL,4,0.7424698795180723,(a) Prefix Set F1
MemRL,4,0.7523522662076879,(b) Expected-tool recall
MemRL,5,0.7042347497597067,(a) Prefix Set F1
MemRL,5,0.7899168100975329,(b) Expected-tool recall
MemRL,6,0.696257261575678,(a) Prefix Set F1
MemRL,6,0.8045754446356855,(b) Expected-tool recall
MemRL,7,0.6972019183723142,(a) Prefix Set F1
MemRL,7,0.8130808950086058,(b) Expected-tool recall
MemRL,8,0.6979092622810351,(a) Prefix Set F1
MemRL,8,0.8198221457257601,(b) Expected-tool recall
MemRL,9,0.698193563942273,(a) Prefix Set F1
MemRL,9,0.8233218588640275,(b) Expected-tool recall
MemRL,10,0.6991025373555493,(a) Prefix Set F1
MemRL,10,0.8276534710269651,(b) Expected-tool recall
MemRL,11,0.6989166933659188,(a) Prefix Set F1
MemRL,11,0.8295037292025244,(b) Expected-tool recall
MemRL,12,0.6989946800187764,(a) Prefix Set F1
MemRL,12,0.8321858864027539,(b) Expected-tool recall
MemRL,13,0.6991911368417392,(a) Prefix Set F1
MemRL,13,0.8341508892713712,(b) Expected-tool recall
MemRL,14,0.6990946469862132,(a) Prefix Set F1
MemRL,14,0.8354704532415376,(b) Expected-tool recall
MemRL,15,0.699183795741455,(a) Prefix Set F1
MemRL,15,0.8366465863453815,(b) Expected-tool recall
MemRL,16,0.699183795741455,(a) Prefix Set F1
MemRL,16,0.8366465863453815,(b) Expected-tool recall
MemRL,17,0.699183795741455,(a) Prefix Set F1
MemRL,17,0.8366465863453815,(b) Expected-tool recall
MemRL,18,0.699183795741455,(a) Prefix Set F1
MemRL,18,0.8366465863453815,(b) Expected-tool recall
MemRL,19,0.699183795741455,(a) Prefix Set F1
MemRL,19,0.8366465863453815,(b) Expected-tool recall
MemRL,20,0.699183795741455,(a) Prefix Set F1
MemRL,20,0.8366465863453815,(b) Expected-tool recall
ExpeL,0,0.0,(a) Prefix Set F1
ExpeL,0,0.0,(b) Expected-tool recall
ExpeL,1,0.3840709777887058,(a) Prefix Set F1
ExpeL,1,0.2643717728055077,(b) Expected-tool recall
ExpeL,2,0.6033030079501679,(a) Prefix Set F1
ExpeL,2,0.5147733792312105,(b) Expected-tool recall
ExpeL,3,0.6368391935087288,(a) Prefix Set F1
ExpeL,3,0.5670252438324727,(b) Expected-tool recall
ExpeL,4,0.7341194710816054,(a) Prefix Set F1
ExpeL,4,0.7297475616752725,(b) Expected-tool recall
ExpeL,5,0.7101275851706143,(a) Prefix Set F1
ExpeL,5,0.7622776821572003,(b) Expected-tool recall
ExpeL,6,0.7138053761117444,(a) Prefix Set F1
ExpeL,6,0.7846815834767642,(b) Expected-tool recall
ExpeL,7,0.7145889681173674,(a) Prefix Set F1
ExpeL,7,0.7943201376936316,(b) Expected-tool recall
ExpeL,8,0.7187414899118858,(a) Prefix Set F1
ExpeL,8,0.8065547905909352,(b) Expected-tool recall
ExpeL,9,0.7203181117983183,(a) Prefix Set F1
ExpeL,9,0.8137980493402182,(b) Expected-tool recall
ExpeL,10,0.720522564068175,(a) Prefix Set F1
ExpeL,10,0.817627653471027,(b) Expected-tool recall
ExpeL,11,0.720881996183201,(a) Prefix Set F1
ExpeL,11,0.820510613884108,(b) Expected-tool recall
ExpeL,12,0.7217661569640915,(a) Prefix Set F1
ExpeL,12,0.8245123350545037,(b) Expected-tool recall
ExpeL,13,0.7225476999573385,(a) Prefix Set F1
ExpeL,13,0.8273379231210558,(b) Expected-tool recall
ExpeL,14,0.7230073617336956,(a) Prefix Set F1
ExpeL,14,0.8292312105565118,(b) Expected-tool recall
ExpeL,15,0.7230688153880924,(a) Prefix Set F1
ExpeL,15,0.8302639127940332,(b) Expected-tool recall
ExpeL,16,0.7230688153880924,(a) Prefix Set F1
ExpeL,16,0.8302639127940332,(b) Expected-tool recall
ExpeL,17,0.7230688153880924,(a) Prefix Set F1
ExpeL,17,0.8302639127940332,(b) Expected-tool recall
ExpeL,18,0.7230688153880924,(a) Prefix Set F1
ExpeL,18,0.8302639127940332,(b) Expected-tool recall
ExpeL,19,0.7230688153880924,(a) Prefix Set F1
ExpeL,19,0.8302639127940332,(b) Expected-tool recall
ExpeL,20,0.7230688153880924,(a) Prefix Set F1
ExpeL,20,0.8302639127940332,(b) Expected-tool recall
ACE,0,0.0,(a) Prefix Set F1
ACE,0,0.0,(b) Expected-tool recall
ACE,1,0.4095156134743054,(a) Prefix Set F1
ACE,1,0.28199942627653474,(b) Expected-tool recall
ACE,2,0.6247561675272519,(a) Prefix Set F1
ACE,2,0.5312966150315548,(b) Expected-tool recall
ACE,3,0.647399803294812,(a) Prefix Set F1
ACE,3,0.5742828456683878,(b) Expected-tool recall
ACE,4,0.7446288555582875,(a) Prefix Set F1
ACE,4,0.7403471026965003,(b) Expected-tool recall
ACE,5,0.7208364068518973,(a) Prefix Set F1
ACE,5,0.7752294893861158,(b) Expected-tool recall
ACE,6,0.7181843018331829,(a) Prefix Set F1
ACE,6,0.7927854274239816,(b) Expected-tool recall
ACE,7,0.7191138704477775,(a) Prefix Set F1
ACE,7,0.8050487664945497,(b) Expected-tool recall
ACE,8,0.7209532626486155,(a) Prefix Set F1
ACE,8,0.8157200229489386,(b) Expected-tool recall
ACE,9,0.7219310761909729,(a) Prefix Set F1
ACE,9,0.8232788296041308,(b) Expected-tool recall
ACE,10,0.721377097754034,(a) Prefix Set F1
ACE,10,0.8268215720022949,(b) Expected-tool recall
ACE,11,0.7222953705311708,(a) Prefix Set F1
ACE,11,0.8302208835341366,(b) Expected-tool recall
ACE,12,0.7221328155493387,(a) Prefix Set F1
ACE,12,0.8321715433161216,(b) Expected-tool recall
ACE,13,0.7222900641145048,(a) Prefix Set F1
ACE,13,0.8344520940906484,(b) Expected-tool recall
ACE,14,0.722839949302944,(a) Prefix Set F1
ACE,14,0.8368043602983362,(b) Expected-tool recall
ACE,15,0.723125220543465,(a) Prefix Set F1
ACE,15,0.8385255306942053,(b) Expected-tool recall
ACE,16,0.723125220543465,(a) Prefix Set F1
ACE,16,0.8385255306942053,(b) Expected-tool recall
ACE,17,0.723125220543465,(a) Prefix Set F1
ACE,17,0.8385255306942053,(b) Expected-tool recall
ACE,18,0.723125220543465,(a) Prefix Set F1
ACE,18,0.8385255306942053,(b) Expected-tool recall
ACE,19,0.723125220543465,(a) Prefix Set F1
ACE,19,0.8385255306942053,(b) Expected-tool recall
ACE,20,0.723125220543465,(a) Prefix Set F1
ACE,20,0.8385255306942053,(b) Expected-tool recall
