task_id,base_f1,base_calls,evo_f1,evo_calls,Δ Set F1,Δ tool calls
oea_test_238,0.4,10,0.6666666666666666,4,0.2666666666666666,-6
oea_test_1082,1.0,4,1.0,4,0.0,0
oea_test_153,0.3333333333333333,15,0.4,3,0.06666666666666671,-12
oea_test_862,0.3333333333333333,6,1.0,2,0.6666666666666667,-4
oea_test_1139,1.0,4,1.0,4,0.0,0
oea_test_538,0.8571428571428571,5,1.0,4,0.1428571428571429,-1
oea_test_337,1.0,2,1.0,2,0.0,0
oea_test_627,0.75,7,0.75,9,0.0,2
oea_test_479,0.4,2,1.0,3,0.6,1
oea_test_215,0.8571428571428571,5,1.0,4,0.1428571428571429,-1
oea_test_959,1.0,2,1.0,2,0.0,0
oea_test_497,0.8571428571428571,5,1.0,4,0.1428571428571429,-1
oea_test_674,0.6666666666666666,2,0.6666666666666666,2,0.0,0
oea_test_439,0.8571428571428571,5,1.0,4,0.1428571428571429,-1
oea_test_1057,0.8571428571428571,5,0.8571428571428571,6,0.0,1
oea_test_647,0.8571428571428571,5,0.8571428571428571,5,0.0,0
oea_test_1146,0.8571428571428571,5,1.0,4,0.1428571428571429,-1
oea_test_79,0.25,15,1.0,2,0.75,-13
oea_test_1000,0.3333333333333333,15,0.5,1,0.16666666666666669,-14
oea_test_986,0.0,1,1.0,4,1.0,3
oea_test_1123,0.4,5,0.5,4,0.09999999999999998,-1
oea_test_631,0.4444444444444445,15,0.5,2,0.055555555555555525,-13
oea_test_646,0.8571428571428571,5,1.0,4,0.1428571428571429,-1
oea_test_845,0.8571428571428571,5,1.0,4,0.1428571428571429,-1
oea_test_390,1.0,4,1.0,4,0.0,0
oea_test_377,1.0,6,1.0,6,0.0,0
oea_test_404,0.8571428571428571,5,1.0,4,0.1428571428571429,-1
oea_test_191,0.28571428571428575,15,0.5,10,0.21428571428571425,-5
oea_test_998,0.8571428571428571,11,1.0,12,0.1428571428571429,1
oea_test_888,0.8,4,0.4,2,-0.4,-2
oea_test_489,0.5,4,0.33333333333333337,7,-0.16666666666666663,3
oea_test_485,0.7499999999999999,7,0.8571428571428571,5,0.1071428571428572,-2
oea_test_950,0.0,2,0.3333333333333333,4,0.3333333333333333,2
oea_test_927,0.75,5,0.75,5,0.0,0
oea_test_125,1.0,4,1.0,4,0.0,0
oea_test_809,0.5714285714285715,15,0.6666666666666666,8,0.09523809523809512,-7
oea_test_387,0.5,3,0.4,4,-0.09999999999999998,1
oea_test_351,0.888888888888889,5,0.888888888888889,5,0.0,0
oea_test_988,0.8571428571428571,5,1.0,4,0.1428571428571429,-1
oea_test_27,1.0,4,1.0,4,0.0,0
oea_test_890,0.8571428571428571,5,1.0,4,0.1428571428571429,-1
oea_test_512,0.8571428571428571,6,1.0,5,0.1428571428571429,-1
oea_test_424,1.0,5,1.0,5,0.0,0
oea_test_1008,0.0,2,0.0,1,0.0,-1
oea_test_1125,0.6666666666666666,1,0.6666666666666666,1,0.0,0
oea_test_1149,0.6666666666666666,11,0.0,1,-0.6666666666666666,-10
oea_test_80,0.8571428571428571,5,1.0,4,0.1428571428571429,-1
oea_test_1084,0.2222222222222222,12,0.4,2,0.1777777777777778,-10
oea_test_388,0.5,2,1.0,3,0.5,1
oea_test_914,0.5,5,0.3333333333333333,4,-0.16666666666666669,-1
oea_test_554,0.8,4,0.4,2,-0.4,-2
oea_test_1021,0.6666666666666666,7,0.5714285714285715,5,-0.09523809523809512,-2
oea_test_629,0.3333333333333333,6,0.6666666666666666,1,0.3333333333333333,-5
oea_test_595,0.8571428571428571,5,1.0,4,0.1428571428571429,-1
oea_test_1144,0.6666666666666666,15,0.8571428571428571,5,0.19047619047619047,-10
oea_test_544,0.8,5,1.0,3,0.19999999999999996,-2
oea_test_261,0.8571428571428571,7,1.0,5,0.1428571428571429,-2
oea_test_87,0.6666666666666666,6,0.3333333333333333,7,-0.3333333333333333,1
oea_test_1072,0.8571428571428571,5,1.0,4,0.1428571428571429,-1
oea_test_604,1.0,6,0.8571428571428571,8,-0.1428571428571429,2
oea_test_826,0.8571428571428571,5,0.8571428571428571,5,0.0,0
oea_test_461,0.3333333333333333,6,0.28571428571428575,6,-0.04761904761904756,0
oea_test_362,0.8571428571428571,5,0.8571428571428571,5,0.0,0
oea_test_951,1.0,4,1.0,4,0.0,0
oea_test_447,0.8571428571428571,7,1.0,4,0.1428571428571429,-3
oea_test_123,0.6666666666666666,6,0.8571428571428571,7,0.19047619047619047,1
oea_test_624,0.6666666666666666,2,0.6666666666666666,2,0.0,0
oea_test_155,0.5,3,0.4,3,-0.09999999999999998,0
oea_test_819,0.28571428571428575,7,0.28571428571428575,8,0.0,1
oea_test_26,0.7499999999999999,9,0.8571428571428571,5,0.1071428571428572,-4
oea_test_1015,0.6666666666666666,8,0.0,1,-0.6666666666666666,-7
oea_test_656,0.7499999999999999,8,0.8571428571428571,5,0.1071428571428572,-3
oea_test_210,0.7499999999999999,6,0.7499999999999999,6,0.0,0
oea_test_955,0.5,2,1.0,2,0.5,0
oea_test_1129,0.8571428571428571,7,1.0,4,0.1428571428571429,-3
oea_test_166,0.6666666666666666,10,0.25,6,-0.41666666666666663,-4
oea_test_500,1.0,5,0.888888888888889,6,-0.11111111111111105,1
oea_test_1018,0.4444444444444445,6,0.5,4,0.055555555555555525,-2
oea_test_1081,0.8571428571428571,5,0.8571428571428571,5,0.0,0
oea_test_126,1.0,4,1.0,4,0.0,0
oea_test_491,0.75,5,0.6666666666666665,7,-0.08333333333333348,2
oea_test_720,0.8571428571428571,5,1.0,4,0.1428571428571429,-1
oea_test_428,0.5,4,0.5,4,0.0,0
oea_test_663,1.0,7,1.0,6,0.0,-1
oea_test_301,1.0,4,1.0,4,0.0,0
oea_test_22,1.0,4,1.0,4,0.0,0
oea_test_999,0.4,2,0.4,1,0.0,-1
oea_test_731,0.6666666666666666,8,0.5,7,-0.16666666666666663,-1
oea_test_753,0.6666666666666666,1,1.0,2,0.33333333333333337,1
oea_test_885,0.4,5,0.8,3,0.4,-2
oea_test_781,0.7499999999999999,6,0.8571428571428571,4,0.1071428571428572,-2
oea_test_691,1.0,9,1.0,4,0.0,-5
oea_test_365,0.5,1,0.8,2,0.30000000000000004,1
oea_test_474,0.5,7,1.0,2,0.5,-5
oea_test_1157,0.8571428571428571,5,1.0,4,0.1428571428571429,-1
oea_test_192,0.5714285714285714,14,0.0,5,-0.5714285714285714,-9
oea_test_164,0.75,5,0.75,6,0.0,1
oea_test_592,0.3333333333333333,6,0.0,1,-0.3333333333333333,-5
oea_test_1085,0.8571428571428571,5,1.0,4,0.1428571428571429,-1
oea_test_757,0.8571428571428571,5,1.0,4,0.1428571428571429,-1
oea_test_618,0.5,6,0.6666666666666666,4,0.16666666666666663,-2
oea_test_836,0.8,2,0.8,2,0.0,0
oea_test_1026,0.8571428571428571,6,1.0,4,0.1428571428571429,-2
oea_test_364,0.0,4,0.0,1,0.0,-3
oea_test_293,1.0,4,0.8571428571428571,5,-0.1428571428571429,1
oea_test_591,0.8571428571428571,5,1.0,4,0.1428571428571429,-1
oea_test_445,0.8571428571428571,5,1.0,3,0.1428571428571429,-2
oea_test_810,0.6666666666666666,14,0.8571428571428571,10,0.19047619047619047,-4
oea_test_269,0.4444444444444444,13,0.7499999999999999,6,0.30555555555555547,-7
oea_test_566,0.5714285714285715,10,0.8,2,0.22857142857142854,-8
oea_test_263,0.8571428571428571,5,0.8571428571428571,5,0.0,0
oea_test_134,0.7499999999999999,6,1.0,4,0.2500000000000001,-2
oea_test_396,1.0,2,0.8,3,-0.19999999999999996,1
oea_test_1032,1.0,2,0.0,1,-1.0,-1
oea_test_793,1.0,5,1.0,5,0.0,0
oea_test_478,0.75,5,0.75,5,0.0,0
oea_test_925,0.5,2,0.5,2,0.0,0
oea_test_382,0.5,4,0.5,2,0.0,-2
oea_test_308,1.0,4,1.0,4,0.0,0
oea_test_54,0.4,10,0.33333333333333337,13,-0.06666666666666665,3
oea_test_570,0.8571428571428571,6,0.8571428571428571,5,0.0,-1
oea_test_891,0.8571428571428571,4,0.8571428571428571,4,0.0,0
oea_test_776,1.0,2,0.5,3,-0.5,1
oea_test_75,0.4444444444444445,10,0.6666666666666666,4,0.22222222222222215,-6
oea_test_145,0.75,5,0.75,5,0.0,0
oea_test_288,0.8,8,0.5,2,-0.30000000000000004,-6
oea_test_407,0.8571428571428571,5,1.0,4,0.1428571428571429,-1
oea_test_316,0.8571428571428571,5,1.0,4,0.1428571428571429,-1
oea_test_1089,0.28571428571428575,5,0.4,4,0.11428571428571427,-1
oea_test_259,0.7499999999999999,6,1.0,4,0.2500000000000001,-2
oea_test_1166,0.6666666666666666,4,0.8,4,0.13333333333333341,0
oea_test_1033,1.0,4,1.0,4,0.0,0
oea_test_1042,1.0,5,1.0,5,0.0,0
oea_test_1099,1.0,7,1.0,7,0.0,0
oea_test_1130,0.8571428571428571,8,1.0,3,0.1428571428571429,-5
oea_test_913,0.6,10,0.8571428571428571,5,0.2571428571428571,-5
oea_test_693,0.7499999999999999,7,0.8571428571428571,5,0.1071428571428572,-2
oea_test_163,1.0,4,0.8571428571428571,5,-0.1428571428571429,1
oea_test_761,0.6666666666666665,6,0.75,5,0.08333333333333348,-1
oea_test_948,0.8,7,0.0,1,-0.8,-6
oea_test_1103,0.75,5,0.75,5,0.0,0
oea_test_16,1.0,2,1.0,2,0.0,0
oea_test_158,0.8571428571428571,5,1.0,4,0.1428571428571429,-1
oea_test_104,0.0,1,0.0,1,0.0,0
oea_test_296,1.0,5,1.0,5,0.0,0
oea_test_563,1.0,4,1.0,4,0.0,0
oea_test_529,0.5714285714285715,15,0.8,2,0.22857142857142854,-13
oea_test_857,0.0,4,0.6666666666666666,3,0.6666666666666666,-1
oea_test_654,1.0,7,0.888888888888889,8,-0.11111111111111105,1
oea_test_598,0.4,6,0.6666666666666666,4,0.2666666666666666,-2
oea_test_1050,1.0,4,0.8571428571428571,5,-0.1428571428571429,1
oea_test_242,0.4444444444444445,10,1.0,2,0.5555555555555556,-8
oea_test_522,1.0,4,1.0,4,0.0,0
oea_test_1030,0.6666666666666666,4,0.6666666666666666,1,0.0,-3
oea_test_719,0.8571428571428571,4,0.8571428571428571,4,0.0,0
oea_test_796,0.3333333333333333,5,0.6666666666666666,1,0.3333333333333333,-4
oea_test_470,0.5714285714285715,8,0.28571428571428575,15,-0.28571428571428575,7
oea_test_115,1.0,4,1.0,4,0.0,0
oea_test_141,0.8571428571428571,5,0.8571428571428571,9,0.0,4
oea_test_94,0.8571428571428571,5,1.0,4,0.1428571428571429,-1
oea_test_824,1.0,5,1.0,5,0.0,0
oea_test_673,0.75,6,0.75,5,0.0,-1
oea_test_245,0.7499999999999999,14,1.0,4,0.2500000000000001,-10
oea_test_905,1.0,4,1.0,4,0.0,0
oea_test_235,0.8571428571428571,6,1.0,4,0.1428571428571429,-2
oea_test_635,0.4,4,0.4,3,0.0,-1
oea_test_987,1.0,2,1.0,2,0.0,0
oea_test_513,0.8571428571428571,5,1.0,4,0.1428571428571429,-1
oea_test_946,0.75,5,0.75,5,0.0,0
oea_test_1097,1.0,3,0.6666666666666666,2,-0.33333333333333337,-1
oea_test_12,0.8571428571428571,5,1.0,4,0.1428571428571429,-1
oea_test_855,0.7499999999999999,6,0.8571428571428571,12,0.1071428571428572,6
oea_test_361,0.5,2,0.5,2,0.0,0
oea_test_982,0.8571428571428571,8,0.8571428571428571,5,0.0,-3
oea_test_272,0.5714285714285715,6,0.4,2,-0.17142857142857149,-4
oea_test_847,0.8571428571428571,5,1.0,4,0.1428571428571429,-1
oea_test_67,0.4,10,0.6666666666666666,8,0.2666666666666666,-2
oea_test_588,0.5,15,0.8,4,0.30000000000000004,-11
oea_test_763,0.3333333333333333,10,0.5,11,0.16666666666666669,1
oea_test_738,0.28571428571428575,9,0.5,8,0.21428571428571425,-1
oea_test_1124,0.8571428571428571,5,1.0,4,0.1428571428571429,-1
oea_test_822,0.75,5,0.75,5,0.0,0
oea_test_375,0.6666666666666666,15,1.0,4,0.33333333333333337,-11
oea_test_767,1.0,4,1.0,4,0.0,0
oea_test_1156,0.7499999999999999,6,1.0,5,0.2500000000000001,-1
oea_test_550,0.75,5,0.75,5,0.0,0
oea_test_30,1.0,4,1.0,4,0.0,0
oea_test_61,0.8571428571428571,5,1.0,6,0.1428571428571429,1
oea_test_297,1.0,5,1.0,5,0.0,0
oea_test_1003,0.6666666666666666,3,0.5714285714285715,6,-0.09523809523809512,3
oea_test_311,0.5,15,0.4,2,-0.09999999999999998,-13
oea_test_1056,0.6666666666666666,5,0.5714285714285715,5,-0.09523809523809512,0
oea_test_170,0.8,2,0.8,2,0.0,0
oea_test_226,0.75,5,0.75,5,0.0,0
oea_test_907,0.5,2,0.5,2,0.0,0
oea_test_363,0.25,15,0.5714285714285715,11,0.3214285714285715,-4
oea_test_1016,1.0,4,1.0,4,0.0,0
oea_test_65,0.6666666666666666,11,1.0,4,0.33333333333333337,-7
oea_test_874,0.7499999999999999,6,0.6666666666666666,11,-0.08333333333333326,5
oea_test_1088,1.0,4,1.0,4,0.0,0
oea_test_121,0.4,6,0.5,8,0.09999999999999998,2
oea_test_825,0.6666666666666666,9,0.8571428571428571,5,0.19047619047619047,-4
oea_test_195,0.75,15,0.6666666666666665,9,-0.08333333333333348,-6
oea_test_1005,1.0,2,0.5,2,-0.5,0
oea_test_1140,0.5714285714285714,15,0.0,9,-0.5714285714285714,-6
oea_test_774,1.0,4,1.0,4,0.0,0
oea_test_148,0.8571428571428571,6,0.8571428571428571,5,0.0,-1
oea_test_1039,0.5,3,0.4,3,-0.09999999999999998,0
oea_test_728,0.7499999999999999,6,1.0,6,0.2500000000000001,0
oea_test_863,1.0,4,1.0,4,0.0,0
oea_test_581,0.5,15,0.15384615384615383,10,-0.34615384615384615,-5
oea_test_1095,0.5714285714285715,5,0.3333333333333333,2,-0.2380952380952382,-3
oea_test_965,1.0,4,1.0,4,0.0,0
oea_test_790,0.8571428571428571,5,1.0,4,0.1428571428571429,-1
oea_test_401,0.6666666666666666,6,0.5714285714285715,5,-0.09523809523809512,-1
oea_test_952,0.8571428571428571,5,1.0,4,0.1428571428571429,-1
oea_test_91,0.8571428571428571,5,0.8571428571428571,5,0.0,0
oea_test_602,0.5714285714285715,15,0.5,1,-0.07142857142857151,-14
oea_test_830,0.5,2,0.5,3,0.0,1
oea_test_236,1.0,2,1.0,2,0.0,0
oea_test_514,1.0,4,1.0,4,0.0,0
oea_test_480,0.3333333333333333,7,0.4,4,0.06666666666666671,-3
oea_test_165,0.0,1,0.5,3,0.5,2
oea_test_451,0.6666666666666665,6,0.75,5,0.08333333333333348,-1
oea_test_189,0.8,3,1.0,2,0.19999999999999996,-1
oea_test_706,0.8571428571428571,6,0.8571428571428571,5,0.0,-1
oea_test_201,0.3333333333333333,11,0.6666666666666666,3,0.3333333333333333,-8
oea_test_1120,1.0,4,1.0,4,0.0,0
oea_test_620,0.6666666666666666,8,1.0,4,0.33333333333333337,-4
oea_test_484,0.5,2,0.8,3,0.30000000000000004,1
oea_test_25,0.4,4,0.7499999999999999,7,0.34999999999999987,3
oea_test_558,0.5,2,0.5,2,0.0,0
oea_test_44,0.75,5,0.75,5,0.0,0
oea_test_78,0.8571428571428571,5,0.8571428571428571,6,0.0,1
oea_test_576,0.75,5,0.75,5,0.0,0
oea_test_861,0.0,1,0.0,1,0.0,0
oea_test_567,0.8,4,1.0,3,0.19999999999999996,-1
oea_test_183,0.8571428571428571,5,1.0,4,0.1428571428571429,-1
oea_test_173,0.8571428571428571,5,1.0,4,0.1428571428571429,-1
oea_test_963,0.4444444444444444,12,0.4,2,-0.0444444444444444,-10
oea_test_996,0.6,9,0.8571428571428571,5,0.2571428571428571,-4
oea_test_889,0.8571428571428571,5,1.0,7,0.1428571428571429,2
oea_test_193,1.0,4,1.0,4,0.0,0
oea_test_455,0.8571428571428571,5,0.8571428571428571,8,0.0,3
oea_test_680,0.4,10,0.8,5,0.4,-5
oea_test_919,0.8571428571428571,3,0.8571428571428571,3,0.0,0
oea_test_887,0.25,12,0.5,12,0.25,0
oea_test_486,0.8571428571428571,5,1.0,4,0.1428571428571429,-1
oea_test_1122,1.0,2,0.8,3,-0.19999999999999996,1
oea_test_689,1.0,2,1.0,1,0.0,-1
oea_test_628,0.28571428571428575,6,0.25,8,-0.035714285714285754,2
oea_test_229,0.75,5,0.8571428571428571,4,0.1071428571428571,-1
oea_test_471,0.8571428571428571,5,1.0,4,0.1428571428571429,-1
oea_test_74,1.0,4,1.0,5,0.0,1
oea_test_821,0.28571428571428575,4,0.4,2,0.11428571428571427,-2
oea_test_320,1.0,1,0.6666666666666666,2,-0.33333333333333337,1
oea_test_419,1.0,4,1.0,4,0.0,0
oea_test_605,0.5714285714285715,5,0.5,3,-0.07142857142857151,-2
oea_test_573,1.0,4,1.0,4,0.0,0
oea_test_64,1.0,4,1.0,4,0.0,0
oea_test_615,1.0,7,1.0,7,0.0,0
oea_test_1012,0.6,13,1.0,4,0.4,-9
oea_test_200,0.8571428571428571,8,1.0,4,0.1428571428571429,-4
oea_test_326,0.4,4,0.0,1,-0.4,-3
oea_test_984,0.4,9,0.5,7,0.09999999999999998,-2
oea_test_594,0.5,2,0.5,2,0.0,0
oea_test_909,0.7692307692307693,13,0.42857142857142855,15,-0.3406593406593407,2
oea_test_175,0.8571428571428571,6,0.8571428571428571,5,0.0,-1
oea_test_0,0.8571428571428571,5,1.0,4,0.1428571428571429,-1
oea_test_449,0.7272727272727273,10,1.0,5,0.2727272727272727,-5
oea_test_53,0.9090909090909091,11,0.888888888888889,5,-0.02020202020202011,-6
oea_test_1106,0.75,5,0.8571428571428571,4,0.1071428571428571,-1
oea_test_703,0.8571428571428571,5,1.0,4,0.1428571428571429,-1
oea_test_1127,0.4,7,0.3333333333333333,4,-0.06666666666666671,-3
oea_test_152,0.4,7,1.0,7,0.6,0
oea_test_4,0.8571428571428571,5,1.0,4,0.1428571428571429,-1
oea_test_1153,1.0,9,1.0,7,0.0,-2
oea_test_1087,0.75,5,0.75,5,0.0,0
oea_test_807,1.0,5,1.0,5,0.0,0
oea_test_555,0.4,5,0.5454545454545454,11,0.1454545454545454,6
oea_test_113,0.4444444444444445,15,0.5714285714285715,12,0.12698412698412703,-3
oea_test_792,0.4444444444444445,11,0.8,6,0.35555555555555557,-5
oea_test_701,0.7499999999999999,6,0.7499999999999999,6,0.0,0
oea_test_1142,0.8,3,1.0,2,0.19999999999999996,-1
oea_test_712,0.7499999999999999,6,0.8571428571428571,6,0.1071428571428572,0
oea_test_524,0.8571428571428571,5,1.0,4,0.1428571428571429,-1
oea_test_180,0.8571428571428571,12,0.8571428571428571,9,0.0,-3
oea_test_56,0.9090909090909091,10,1.0,6,0.09090909090909094,-4
oea_test_1112,0.4000000000000001,15,0.0,15,-0.4000000000000001,0
oea_test_797,0.75,9,0.75,5,0.0,-4
oea_test_716,0.75,5,0.6666666666666665,11,-0.08333333333333348,6
oea_test_380,0.7499999999999999,6,0.8571428571428571,5,0.1071428571428572,-1
oea_test_39,0.5,4,0.3333333333333333,7,-0.16666666666666669,3
oea_test_1161,0.8571428571428571,4,0.8571428571428571,4,0.0,0
oea_test_284,0.28571428571428575,6,0.6,10,0.3142857142857142,4
oea_test_521,1.0,4,1.0,4,0.0,0
oea_test_43,1.0,3,1.0,3,0.0,0
oea_test_585,0.8571428571428571,5,1.0,4,0.1428571428571429,-1
oea_test_1128,0.6666666666666666,15,1.0,7,0.33333333333333337,-8
oea_test_756,1.0,4,1.0,4,0.0,0
oea_test_136,0.8571428571428571,7,1.0,4,0.1428571428571429,-3
oea_test_833,0.7499999999999999,6,1.0,4,0.2500000000000001,-2
oea_test_586,0.8571428571428571,5,0.8571428571428571,5,0.0,0
oea_test_268,0.8571428571428571,8,1.0,6,0.1428571428571429,-2
oea_test_66,0.0,1,0.5714285714285715,6,0.5714285714285715,5
oea_test_142,0.4444444444444445,9,0.6666666666666666,4,0.22222222222222215,-5
oea_test_973,0.6666666666666666,7,0.5,5,-0.16666666666666663,-2
oea_test_371,0.5,2,0.6666666666666666,1,0.16666666666666663,-1
oea_test_212,0.7499999999999999,6,1.0,4,0.2500000000000001,-2
oea_test_597,1.0,4,1.0,4,0.0,0
oea_test_655,0.7499999999999999,9,0.6666666666666666,4,-0.08333333333333326,-5
oea_test_805,0.4,3,1.0,2,0.6,-1
oea_test_8,1.0,4,1.0,4,0.0,0
oea_test_37,0.5,6,0.6666666666666666,8,0.16666666666666663,2
oea_test_714,0.6666666666666666,15,0.6666666666666666,6,0.0,-9
oea_test_403,0.4,4,0.3333333333333333,5,-0.06666666666666671,1
oea_test_432,0.6666666666666666,1,0.5,2,-0.16666666666666663,1
oea_test_353,1.0,2,1.0,2,0.0,0
oea_test_758,0.4444444444444444,9,0.5714285714285715,7,0.1269841269841271,-2
oea_test_686,0.8571428571428571,10,1.0,8,0.1428571428571429,-2
oea_test_785,0.9090909090909091,10,1.0,6,0.09090909090909094,-4
oea_test_574,0.0,1,0.5,9,0.5,8
oea_test_858,1.0,5,1.0,5,0.0,0
oea_test_1158,1.0,4,1.0,4,0.0,0
oea_test_258,0.7499999999999999,8,0.6666666666666666,10,-0.08333333333333326,2
oea_test_156,0.7499999999999999,9,1.0,4,0.2500000000000001,-5
oea_test_222,0.8571428571428571,7,0.8571428571428571,5,0.0,-2
oea_test_391,1.0,4,1.0,4,0.0,0
oea_test_1163,1.0,4,1.0,4,0.0,0
oea_test_542,0.7499999999999999,9,1.0,5,0.2500000000000001,-4
oea_test_625,0.0,5,0.0,2,0.0,-3
oea_test_1135,0.7499999999999999,7,0.8571428571428571,5,0.1071428571428572,-2
oea_test_256,0.8571428571428571,5,0.8571428571428571,5,0.0,0
oea_test_7,0.7499999999999999,6,1.0,4,0.2500000000000001,-2
oea_test_1028,0.3333333333333333,5,1.0,2,0.6666666666666667,-3
oea_test_877,0.8571428571428571,8,1.0,3,0.1428571428571429,-5
oea_test_818,0.8571428571428571,5,1.0,4,0.1428571428571429,-1
oea_test_935,0.7499999999999999,6,1.0,4,0.2500000000000001,-2
oea_test_1148,0.5714285714285715,9,0.0,1,-0.5714285714285715,-8
oea_test_829,0.3636363636363636,15,0.0,6,-0.3636363636363636,-9
oea_test_168,0.8,6,0.8,6,0.0,0
oea_test_1,0.4,3,0.5,2,0.09999999999999998,-1
oea_test_309,0.5,4,0.6666666666666666,5,0.16666666666666663,1
oea_test_737,1.0,4,1.0,4,0.0,0
oea_test_644,0.4,6,0.5,4,0.09999999999999998,-2
oea_test_508,0.3333333333333333,5,0.4,3,0.06666666666666671,-2
oea_test_871,0.8571428571428571,5,1.0,4,0.1428571428571429,-1
oea_test_503,0.4,3,0.6666666666666666,4,0.2666666666666666,1
oea_test_279,0.8571428571428571,5,1.0,4,0.1428571428571429,-1
oea_test_1094,0.7499999999999999,7,0.8571428571428571,5,0.1071428571428572,-2
oea_test_650,0.8571428571428571,5,1.0,4,0.1428571428571429,-1
oea_test_423,1.0,4,1.0,4,0.0,0
oea_test_920,0.8571428571428571,5,1.0,4,0.1428571428571429,-1
oea_test_352,0.6666666666666666,4,0.4,2,-0.2666666666666666,-2
oea_test_394,0.8571428571428571,5,1.0,4,0.1428571428571429,-1
oea_test_546,0.75,10,0.75,5,0.0,-5
oea_test_321,0.8571428571428571,5,1.0,4,0.1428571428571429,-1
oea_test_124,0.7499999999999999,6,1.0,4,0.2500000000000001,-2
oea_test_603,0.8571428571428571,9,1.0,7,0.1428571428571429,-2
oea_test_338,0.28571428571428575,8,0.3333333333333333,4,0.04761904761904756,-4
oea_test_458,0.6666666666666666,12,0.0,1,-0.6666666666666666,-11
oea_test_324,0.7499999999999999,6,0.8571428571428571,5,0.1071428571428572,-1
oea_test_346,0.6666666666666666,4,0.6666666666666666,3,0.0,-1
oea_test_1137,0.28571428571428575,5,1.0,3,0.7142857142857142,-2
oea_test_708,0.0,11,0.0,1,0.0,-10
oea_test_924,0.3333333333333333,15,0.5,13,0.16666666666666669,-2
oea_test_1150,0.8571428571428571,8,1.0,4,0.1428571428571429,-4
oea_test_254,0.8,3,0.8,3,0.0,0
oea_test_547,0.5,3,0.5,3,0.0,0
oea_test_964,0.8,15,0.6666666666666666,7,-0.13333333333333341,-8
oea_test_105,1.0,2,1.0,2,0.0,0
oea_test_378,0.8571428571428571,5,1.0,4,0.1428571428571429,-1
oea_test_260,0.8,4,0.8,3,0.0,-1
oea_test_1036,1.0,4,1.0,4,0.0,0
oea_test_300,0.8333333333333333,10,1.0,6,0.16666666666666674,-4
oea_test_151,0.6666666666666666,4,0.4,2,-0.2666666666666666,-2
oea_test_441,0.4,15,0.6,9,0.19999999999999996,-6
oea_test_348,0.8,6,0.8,3,0.0,-3
oea_test_350,0.8571428571428571,5,1.0,4,0.1428571428571429,-1
oea_test_694,0.8571428571428571,5,0.8571428571428571,7,0.0,2
oea_test_962,0.8,5,0.8,5,0.0,0
oea_test_253,0.5,2,0.5,2,0.0,0
oea_test_970,0.5,4,0.0,2,-0.5,-2
oea_test_934,0.75,5,0.75,5,0.0,0
oea_test_435,0.3333333333333333,5,0.4,3,0.06666666666666671,-2
oea_test_465,0.4444444444444445,10,0.5714285714285715,6,0.12698412698412703,-4
oea_test_687,0.7499999999999999,6,0.8571428571428571,5,0.1071428571428572,-1
oea_test_464,0.6666666666666666,7,1.0,3,0.33333333333333337,-4
oea_test_146,0.8571428571428571,5,0.8571428571428571,5,0.0,0
oea_test_977,1.0,5,1.0,5,0.0,0
oea_test_695,0.8571428571428571,11,1.0,4,0.1428571428571429,-7
oea_test_15,0.6666666666666666,8,0.8571428571428571,5,0.19047619047619047,-3
oea_test_729,0.5714285714285715,9,0.6666666666666666,10,0.09523809523809512,1
oea_test_748,0.8571428571428571,5,0.8571428571428571,5,0.0,0
oea_test_29,0.5,5,1.0,3,0.5,-2
oea_test_641,0.6,13,0.8571428571428571,5,0.2571428571428571,-8
oea_test_768,0.8,2,0.5714285714285715,4,-0.22857142857142854,2
oea_test_343,1.0,2,1.0,2,0.0,0
oea_test_157,1.0,2,1.0,2,0.0,0
oea_test_864,1.0,6,0.8571428571428571,5,-0.1428571428571429,-1
oea_test_278,1.0,4,1.0,4,0.0,0
oea_test_1131,1.0,2,1.0,2,0.0,0
oea_test_271,1.0,4,1.0,4,0.0,0
oea_test_610,1.0,4,1.0,4,0.0,0
oea_test_917,0.8571428571428571,7,0.8571428571428571,5,0.0,-2
oea_test_722,0.8571428571428571,5,0.8571428571428571,5,0.0,0
oea_test_1162,0.8571428571428571,5,1.0,4,0.1428571428571429,-1
oea_test_197,0.0,8,1.0,2,1.0,-6
oea_test_174,0.4,3,0.8,4,0.4,1
oea_test_137,1.0,7,1.0,7,0.0,0
oea_test_844,1.0,5,1.0,4,0.0,-1
oea_test_251,0.5,3,0.8,3,0.30000000000000004,0
oea_test_813,0.8571428571428571,10,1.0,7,0.1428571428571429,-3
oea_test_413,0.8571428571428571,5,1.0,9,0.1428571428571429,4
oea_test_949,0.8571428571428571,5,1.0,4,0.1428571428571429,-1
oea_test_1043,0.4,10,0.8,3,0.4,-7
oea_test_198,0.28571428571428575,5,0.0,1,-0.28571428571428575,-4
oea_test_1058,0.8571428571428571,5,1.0,4,0.1428571428571429,-1
oea_test_185,0.7499999999999999,8,0.7499999999999999,6,0.0,-2
oea_test_275,0.8571428571428571,5,1.0,4,0.1428571428571429,-1
oea_test_433,0.5,3,0.5,2,0.0,-1
oea_test_1164,1.0,3,0.3333333333333333,4,-0.6666666666666667,1
oea_test_875,1.0,4,1.0,4,0.0,0
oea_test_216,1.0,2,1.0,2,0.0,0
oea_test_476,1.0,4,1.0,4,0.0,0
oea_test_1096,0.7499999999999999,6,1.0,4,0.2500000000000001,-2
oea_test_1068,0.75,5,0.75,5,0.0,0
oea_test_899,0.7499999999999999,6,0.8571428571428571,5,0.1071428571428572,-1
oea_test_488,0.75,14,0.75,12,0.0,-2
oea_test_897,0.5,3,0.8,4,0.30000000000000004,1
oea_test_209,0.625,15,0.7142857142857143,11,0.0892857142857143,-4
oea_test_971,1.0,9,1.0,7,0.0,-2
oea_test_1060,0.8571428571428571,5,0.8571428571428571,5,0.0,0
oea_test_961,1.0,4,1.0,4,0.0,0
oea_test_683,0.25,15,0.3333333333333333,7,0.08333333333333331,-8
oea_test_600,1.0,4,1.0,4,0.0,0
oea_test_392,0.5714285714285715,8,0.6666666666666666,9,0.09523809523809512,1
oea_test_397,0.6666666666666666,2,0.6666666666666666,2,0.0,0
oea_test_19,0.3333333333333333,10,1.0,3,0.6666666666666667,-7
oea_test_873,0.6,15,0.8571428571428571,15,0.2571428571428571,0
oea_test_82,0.4444444444444444,15,0.6,14,0.15555555555555556,-1
oea_test_677,1.0,2,1.0,2,0.0,0
oea_test_724,0.3333333333333333,3,0.6666666666666666,3,0.3333333333333333,0
oea_test_1160,0.8571428571428571,5,1.0,4,0.1428571428571429,-1
oea_test_244,1.0,2,1.0,2,0.0,0
oea_test_376,0.36363636363636365,9,0.5714285714285715,4,0.20779220779220786,-5
oea_test_577,0.6666666666666666,15,0.5,4,-0.16666666666666663,-11
oea_test_884,0.3333333333333333,3,0.0,1,-0.3333333333333333,-2
oea_test_1092,0.6666666666666666,15,0.0,9,-0.6666666666666666,-6
oea_test_220,0.8571428571428571,5,1.0,4,0.1428571428571429,-1
oea_test_643,0.6666666666666666,8,0.8571428571428571,5,0.19047619047619047,-3
oea_test_225,0.6666666666666666,7,0.8571428571428571,6,0.19047619047619047,-1
oea_test_132,0.8571428571428571,5,1.0,4,0.1428571428571429,-1
oea_test_931,0.0,1,0.5,2,0.5,1
oea_test_906,0.25,7,0.28571428571428575,6,0.035714285714285754,-1
oea_test_974,1.0,11,1.0,4,0.0,-7
oea_test_203,0.4,4,0.5,2,0.09999999999999998,-2
oea_test_649,0.8571428571428571,5,1.0,4,0.1428571428571429,-1
oea_test_827,0.7499999999999999,6,0.8571428571428571,5,0.1071428571428572,-1
oea_test_784,0.8571428571428571,5,1.0,4,0.1428571428571429,-1
oea_test_787,1.0,4,1.0,4,0.0,0
oea_test_572,0.8,4,0.8,3,0.0,-1
oea_test_207,0.7499999999999999,6,0.8571428571428571,5,0.1071428571428572,-1
oea_test_883,1.0,7,1.0,7,0.0,0
oea_test_1078,0.5714285714285715,8,0.28571428571428575,7,-0.28571428571428575,-1
oea_test_882,0.6666666666666666,10,0.8,11,0.13333333333333341,1
oea_test_1075,0.3333333333333333,8,0.8,4,0.46666666666666673,-4
oea_test_425,0.8571428571428571,13,0.923076923076923,10,0.06593406593406592,-3
oea_test_329,0.8571428571428571,5,1.0,7,0.1428571428571429,2
oea_test_453,0.5,8,0.5,8,0.0,0
oea_test_70,0.3333333333333333,6,0.5714285714285715,5,0.2380952380952382,-1
oea_test_490,0.5,8,0.8,2,0.30000000000000004,-6
oea_test_505,1.0,4,1.0,4,0.0,0
oea_test_820,0.4444444444444445,15,0.3333333333333333,14,-0.11111111111111116,-1
oea_test_561,0.8571428571428571,5,0.8571428571428571,5,0.0,0
oea_test_59,0.6666666666666665,5,0.75,4,0.08333333333333348,-1
oea_test_341,0.25,5,0.4,5,0.15000000000000002,0
oea_test_223,0.6666666666666666,15,0.5,4,-0.16666666666666663,-11
oea_test_707,1.0,2,1.0,2,0.0,0
oea_test_6,1.0,4,1.0,4,0.0,0
oea_test_345,1.0,4,1.0,4,0.0,0
oea_test_898,0.8571428571428571,5,0.8571428571428571,5,0.0,0
oea_test_709,0.8571428571428571,12,0.8,15,-0.05714285714285705,3
oea_test_772,0.5,3,0.5,2,0.0,-1
oea_test_1154,0.8,7,0.5,6,-0.30000000000000004,-1
oea_test_317,0.6666666666666666,13,0.5,7,-0.16666666666666663,-6
oea_test_922,0.0,1,0.4444444444444444,6,0.4444444444444444,5
oea_test_1061,0.6666666666666666,8,0.6666666666666666,5,0.0,-3
oea_test_564,1.0,4,1.0,4,0.0,0
oea_test_117,1.0,4,1.0,4,0.0,0
oea_test_240,0.28571428571428575,12,0.28571428571428575,8,0.0,-4
oea_test_135,0.4444444444444445,15,0.4,3,-0.04444444444444445,-12
oea_test_304,0.6666666666666666,9,0.8571428571428571,5,0.19047619047619047,-4
oea_test_421,0.6666666666666666,9,0.8571428571428571,7,0.19047619047619047,-2
oea_test_379,1.0,2,1.0,2,0.0,0
oea_test_3,0.8571428571428571,5,1.0,4,0.1428571428571429,-1
oea_test_642,1.0,4,1.0,7,0.0,3
oea_test_1059,0.5714285714285715,8,0.4,4,-0.17142857142857149,-4
oea_test_664,0.6666666666666666,7,0.0,1,-0.6666666666666666,-6
oea_test_932,1.0,4,1.0,4,0.0,0
oea_test_859,0.6666666666666666,11,1.0,3,0.33333333333333337,-8
oea_test_1013,0.0,2,0.0,1,0.0,-1
oea_test_202,0.8571428571428571,5,1.0,4,0.1428571428571429,-1
oea_test_97,1.0,7,0.888888888888889,8,-0.11111111111111105,1
oea_test_248,0.888888888888889,10,1.0,7,0.11111111111111105,-3
oea_test_1134,0.5,5,1.0,2,0.5,-3
oea_test_1111,0.6666666666666666,10,1.0,4,0.33333333333333337,-6
oea_test_14,0.5,4,0.5,7,0.0,3
oea_test_823,0.6666666666666666,7,0.5,3,-0.16666666666666663,-4
oea_test_101,0.3333333333333333,6,0.4,3,0.06666666666666671,-3
oea_test_601,1.0,4,1.0,4,0.0,0
oea_test_1074,0.25,6,1.0,5,0.75,-1
oea_test_81,0.6666666666666666,3,0.6666666666666666,3,0.0,0
oea_test_1104,1.0,4,1.0,4,0.0,0
oea_test_730,0.6666666666666666,8,0.6666666666666666,10,0.0,2
oea_test_1167,0.8571428571428571,10,1.0,4,0.1428571428571429,-6
oea_test_1025,0.5454545454545454,13,0.7499999999999999,7,0.20454545454545447,-6
oea_test_940,0.7499999999999999,7,0.8571428571428571,5,0.1071428571428572,-2
oea_test_122,0.8571428571428571,5,1.0,4,0.1428571428571429,-1
oea_test_28,0.5714285714285715,15,0.4,15,-0.17142857142857149,0
oea_test_323,1.0,3,0.8,4,-0.19999999999999996,1
oea_test_1065,0.8571428571428571,5,0.8571428571428571,5,0.0,0
oea_test_727,0.4,7,0.5,2,0.09999999999999998,-5
oea_test_933,0.6666666666666666,1,0.4444444444444445,12,-0.22222222222222215,11
oea_test_167,0.4,14,0.28571428571428575,15,-0.11428571428571427,1
oea_test_1108,0.3076923076923077,15,0.28571428571428575,8,-0.021978021978021955,-7
oea_test_995,0.5,8,0.6666666666666666,3,0.16666666666666663,-5
oea_test_273,0.4,4,0.8,3,0.4,-1
oea_test_901,0.8571428571428571,5,1.0,4,0.1428571428571429,-1
oea_test_569,0.7499999999999999,13,0.8571428571428571,5,0.1071428571428572,-8
oea_test_89,0.7499999999999999,7,1.0,4,0.2500000000000001,-3
oea_test_596,0.8571428571428571,5,0.8571428571428571,5,0.0,0
oea_test_416,0.5714285714285715,15,0.6666666666666666,15,0.09523809523809512,0
oea_test_1073,0.3333333333333333,3,0.28571428571428575,5,-0.04761904761904756,2
oea_test_782,0.0,5,0.0,5,0.0,0
oea_test_534,0.7499999999999999,8,0.8571428571428571,5,0.1071428571428572,-3
oea_test_958,0.5,2,0.8,3,0.30000000000000004,1
oea_test_85,0.888888888888889,8,0.888888888888889,8,0.0,0
oea_test_1138,0.8571428571428571,7,1.0,5,0.1428571428571429,-2
oea_test_408,0.36363636363636365,15,0.18181818181818182,14,-0.18181818181818182,-1
oea_test_645,0.5,8,1.0,5,0.5,-3
oea_test_280,1.0,4,1.0,4,0.0,0
oea_test_262,0.8571428571428571,10,0.8,15,-0.05714285714285705,5
oea_test_315,1.0,4,1.0,4,0.0,0
oea_test_870,0.6666666666666666,5,0.8,4,0.13333333333333341,-1
oea_test_1110,0.4,9,1.0,2,0.6,-7
oea_test_501,0.6666666666666666,6,0.8,11,0.13333333333333341,5
oea_test_533,0.8571428571428571,5,1.0,4,0.1428571428571429,-1
oea_test_1133,0.8571428571428571,5,1.0,4,0.1428571428571429,-1
oea_test_510,0.5,9,0.8571428571428571,13,0.3571428571428571,4
oea_test_876,0.4,14,0.0,1,-0.4,-13
oea_test_740,1.0,4,1.0,4,0.0,0
oea_test_660,0.8571428571428571,15,1.0,4,0.1428571428571429,-11
oea_test_249,0.6666666666666666,14,0.8571428571428571,12,0.19047619047619047,-2
oea_test_102,0.28571428571428575,15,0.3333333333333333,15,0.04761904761904756,0
oea_test_1046,0.8571428571428571,5,1.0,4,0.1428571428571429,-1
oea_test_568,0.5714285714285715,9,0.4,3,-0.17142857142857149,-6
oea_test_381,0.8571428571428571,6,1.0,4,0.1428571428571429,-2
oea_test_219,0.8,3,1.0,2,0.19999999999999996,-1
oea_test_369,0.6666666666666666,9,1.0,3,0.33333333333333337,-6
oea_test_205,0.6666666666666666,8,1.0,4,0.33333333333333337,-4
oea_test_702,0.7499999999999999,15,0.8571428571428571,12,0.1071428571428572,-3
oea_test_429,0.28571428571428575,15,0.8,6,0.5142857142857142,-9
oea_test_23,0.5,5,0.5714285714285715,6,0.07142857142857151,1
oea_test_759,0.8571428571428571,5,1.0,4,0.1428571428571429,-1
oea_test_436,0.5,3,0.5,4,0.0,1
oea_test_1109,0.6666666666666666,15,0.6666666666666666,15,0.0,0
oea_test_372,0.3333333333333333,10,0.8,3,0.46666666666666673,-7
oea_test_127,0.8571428571428571,5,1.0,4,0.1428571428571429,-1
oea_test_349,1.0,5,1.0,5,0.0,0
oea_test_667,0.6666666666666666,4,0.3333333333333333,4,-0.3333333333333333,0
oea_test_652,0.8,3,0.6666666666666666,5,-0.13333333333333341,2
oea_test_531,0.28571428571428575,12,1.0,4,0.7142857142857142,-8
oea_test_1107,0.5,2,0.5,2,0.0,0
oea_test_860,1.0,5,1.0,5,0.0,0
oea_test_678,0.9090909090909091,8,1.0,6,0.09090909090909094,-2
oea_test_1165,0.2222222222222222,15,0.8571428571428571,4,0.6349206349206349,-11
oea_test_865,0.75,5,0.75,5,0.0,0
oea_test_120,1.0,4,1.0,4,0.0,0
oea_test_298,0.8571428571428571,8,1.0,8,0.1428571428571429,0
oea_test_77,0.8,15,0.8571428571428571,10,0.05714285714285705,-5
oea_test_657,0.4,7,0.5714285714285715,5,0.17142857142857149,-2
oea_test_1002,0.8571428571428571,5,0.8571428571428571,5,0.0,0
oea_test_292,0.8571428571428571,6,1.0,5,0.1428571428571429,-1
oea_test_839,0.5,11,0.4444444444444444,8,-0.05555555555555558,-3
oea_test_1017,0.8571428571428571,8,1.0,4,0.1428571428571429,-4
oea_test_232,0.75,6,0.8571428571428571,4,0.1071428571428571,-2
oea_test_1141,0.5714285714285715,9,0.3333333333333333,8,-0.2380952380952382,-1
oea_test_358,0.8571428571428571,5,1.0,4,0.1428571428571429,-1
oea_test_290,0.75,5,0.75,5,0.0,0
oea_test_283,0.5,14,0.5,13,0.0,-1
oea_test_1114,0.8571428571428571,5,0.8571428571428571,5,0.0,0
oea_test_374,0.4,2,0.8,2,0.4,0
oea_test_665,1.0,2,1.0,3,0.0,1
oea_test_11,0.7499999999999999,6,0.8571428571428571,5,0.1071428571428572,-1
oea_test_1007,1.0,2,0.5714285714285715,6,-0.4285714285714285,4
oea_test_553,0.8571428571428571,5,1.0,4,0.1428571428571429,-1
oea_test_928,0.8571428571428571,5,1.0,4,0.1428571428571429,-1
oea_test_565,0.0,1,1.0,2,1.0,1
oea_test_956,0.8571428571428571,5,1.0,4,0.1428571428571429,-1
oea_test_92,0.8571428571428571,5,1.0,4,0.1428571428571429,-1
oea_test_993,1.0,7,0.8571428571428571,5,-0.1428571428571429,-2
oea_test_356,0.0,6,0.0,3,0.0,-3
oea_test_831,0.6,14,0.8571428571428571,5,0.2571428571428571,-9
oea_test_908,0.5,4,0.6,5,0.09999999999999998,1
oea_test_630,0.5714285714285715,15,0.6666666666666666,7,0.09523809523809512,-8
oea_test_801,0.5714285714285715,9,0.0,1,-0.5714285714285715,-8
oea_test_872,0.8571428571428571,5,0.8571428571428571,5,0.0,0
oea_test_817,1.0,4,1.0,5,0.0,1
oea_test_1117,0.0,2,1.0,2,1.0,0
oea_test_979,0.28571428571428575,4,0.3333333333333333,4,0.04761904761904756,0
oea_test_246,0.0,5,0.0,2,0.0,-3
oea_test_1054,0.888888888888889,8,0.7272727272727273,10,-0.16161616161616166,2
oea_test_463,0.7499999999999999,6,0.8571428571428571,5,0.1071428571428572,-1
oea_test_247,0.8571428571428571,6,1.0,4,0.1428571428571429,-2
oea_test_636,0.7499999999999999,15,1.0,6,0.2500000000000001,-9
oea_test_930,0.6666666666666666,5,0.8,3,0.13333333333333341,-2
oea_test_744,1.0,4,1.0,4,0.0,0
oea_test_1038,1.0,4,1.0,6,0.0,2
oea_test_878,0.6666666666666666,1,0.0,2,-0.6666666666666666,1
oea_test_994,0.3333333333333333,4,0.6666666666666666,3,0.3333333333333333,-1
oea_test_840,1.0,4,1.0,4,0.0,0
oea_test_295,0.75,5,0.75,5,0.0,0
oea_test_57,1.0,3,1.0,3,0.0,0
oea_test_186,0.5714285714285715,11,0.4,2,-0.17142857142857149,-9
oea_test_814,1.0,4,0.6666666666666666,1,-0.33333333333333337,-3
oea_test_1063,0.8571428571428571,6,0.8571428571428571,5,0.0,-1
oea_test_355,0.3333333333333333,4,0.6666666666666666,8,0.3333333333333333,4
oea_test_138,0.5,15,0.4,3,-0.09999999999999998,-12
oea_test_783,0.4,15,0.5714285714285715,5,0.17142857142857149,-10
oea_test_867,1.0,14,1.0,5,0.0,-9
oea_test_182,0.8571428571428571,5,1.0,7,0.1428571428571429,2
oea_test_400,0.7499999999999999,7,1.0,4,0.2500000000000001,-3
oea_test_590,0.6666666666666666,8,0.6666666666666666,5,0.0,-3
oea_test_340,0.8571428571428571,5,1.0,4,0.1428571428571429,-1
oea_test_306,0.8571428571428571,5,0.8571428571428571,5,0.0,0
oea_test_266,1.0,4,1.0,4,0.0,0
oea_test_548,0.8571428571428571,5,0.8571428571428571,5,0.0,0
oea_test_214,0.4,3,1.0,2,0.6,-1
oea_test_609,0.5,2,1.0,2,0.5,0
oea_test_1066,0.8571428571428571,5,1.0,4,0.1428571428571429,-1
oea_test_780,0.8571428571428571,5,1.0,4,0.1428571428571429,-1
oea_test_335,0.8571428571428571,5,1.0,4,0.1428571428571429,-1
oea_test_475,0.5714285714285715,10,1.0,2,0.4285714285714285,-8
oea_test_575,0.8571428571428571,5,0.8571428571428571,5,0.0,0
oea_test_681,0.4,5,0.8,6,0.4,1
oea_test_834,1.0,5,1.0,5,0.0,0
oea_test_583,0.8571428571428571,5,1.0,4,0.1428571428571429,-1
oea_test_960,0.8571428571428571,5,0.8571428571428571,5,0.0,0
oea_test_307,0.8571428571428571,8,1.0,4,0.1428571428571429,-4
oea_test_1010,0.7499999999999999,6,1.0,4,0.2500000000000001,-2
oea_test_477,0.7499999999999999,6,0.8571428571428571,5,0.1071428571428572,-1
oea_test_1001,0.8571428571428571,11,1.0,7,0.1428571428571429,-4
oea_test_172,0.8,2,0.5,1,-0.30000000000000004,-1
oea_test_536,0.6666666666666666,10,0.5714285714285715,7,-0.09523809523809512,-3
oea_test_399,0.888888888888889,9,0.75,5,-0.13888888888888895,-4
oea_test_856,0.4444444444444445,15,0.4,9,-0.04444444444444445,-6
oea_test_1159,0.5,11,0.5714285714285715,6,0.07142857142857151,-5
oea_test_149,0.6,15,1.0,4,0.4,-11
oea_test_518,0.0,3,0.3333333333333333,4,0.3333333333333333,1
oea_test_409,0.0,2,0.5,5,0.5,3
oea_test_318,0.6666666666666666,4,0.8,3,0.13333333333333341,-1
oea_test_103,1.0,4,1.0,4,0.0,0
oea_test_63,0.75,5,0.75,5,0.0,0
oea_test_710,0.8571428571428571,5,1.0,4,0.1428571428571429,-1
oea_test_239,0.7499999999999999,6,0.7499999999999999,6,0.0,0
oea_test_73,0.25,15,0.5,10,0.25,-5
oea_test_734,0.0,1,0.0,1,0.0,0
oea_test_525,0.7499999999999999,6,0.8571428571428571,5,0.1071428571428572,-1
oea_test_640,0.8571428571428571,6,0.0,3,-0.8571428571428571,-3
oea_test_265,0.8571428571428571,5,1.0,4,0.1428571428571429,-1
oea_test_1101,0.7499999999999999,8,0.7499999999999999,6,0.0,-2
oea_test_1019,1.0,5,1.0,5,0.0,0
oea_test_1051,1.0,4,1.0,4,0.0,0
oea_test_319,0.8571428571428571,5,0.8,2,-0.05714285714285705,-3
oea_test_33,0.6666666666666665,6,0.75,5,0.08333333333333348,-1
oea_test_613,0.75,5,0.75,5,0.0,0
oea_test_879,0.6666666666666666,15,0.8571428571428571,15,0.19047619047619047,0
oea_test_495,0.5,4,0.5714285714285715,5,0.07142857142857151,1
oea_test_481,0.6666666666666666,13,1.0,3,0.33333333333333337,-10
oea_test_177,1.0,2,1.0,2,0.0,0
oea_test_692,1.0,2,1.0,2,0.0,0
oea_test_1105,0.4,7,1.0,5,0.6,-2
oea_test_344,0.8571428571428571,15,1.0,4,0.1428571428571429,-11
oea_test_726,0.5714285714285715,8,0.8,2,0.22857142857142854,-6
oea_test_169,0.8571428571428571,5,1.0,4,0.1428571428571429,-1
oea_test_838,0.0,2,0.0,1,0.0,-1
oea_test_106,1.0,5,0.888888888888889,6,-0.11111111111111105,1
oea_test_743,0.5,15,0.0,1,-0.5,-14
oea_test_580,0.4444444444444445,15,1.0,2,0.5555555555555556,-13
oea_test_51,1.0,4,0.8571428571428571,5,-0.1428571428571429,1
oea_test_2,0.6666666666666666,4,1.0,2,0.33333333333333337,-2
oea_test_976,0.8571428571428571,5,1.0,4,0.1428571428571429,-1
oea_test_779,0.7499999999999999,6,1.0,4,0.2500000000000001,-2
oea_test_336,0.8,4,0.8,3,0.0,-1
oea_test_179,0.8,6,0.8,4,0.0,-2
oea_test_752,0.8571428571428571,5,1.0,4,0.1428571428571429,-1
oea_test_143,0.8571428571428571,5,1.0,4,0.1428571428571429,-1
oea_test_342,0.6666666666666666,3,0.4,3,-0.2666666666666666,0
oea_test_765,1.0,2,1.0,2,0.0,0
oea_test_718,1.0,4,1.0,4,0.0,0
oea_test_832,1.0,15,1.0,14,0.0,-1
oea_test_675,0.8571428571428571,5,1.0,4,0.1428571428571429,-1
oea_test_160,0.0,1,0.6666666666666666,1,0.6666666666666666,0
oea_test_228,0.8571428571428571,5,1.0,4,0.1428571428571429,-1
oea_test_721,1.0,4,1.0,4,0.0,0
oea_test_1147,0.4,15,0.8,7,0.4,-8
oea_test_527,1.0,4,1.0,4,0.0,0
oea_test_991,0.8571428571428571,5,0.8571428571428571,5,0.0,0
oea_test_854,0.8571428571428571,5,1.0,4,0.1428571428571429,-1
oea_test_35,0.5,3,1.0,3,0.5,0
oea_test_454,1.0,4,1.0,4,0.0,0
oea_test_953,0.4444444444444445,10,1.0,2,0.5555555555555556,-8
oea_test_622,0.4,8,1.0,4,0.6,-4
oea_test_517,0.8571428571428571,5,1.0,4,0.1428571428571429,-1
oea_test_936,1.0,4,1.0,4,0.0,0
oea_test_881,0.5,3,0.5,2,0.0,-1
oea_test_217,0.5,2,0.8,4,0.30000000000000004,2
oea_test_556,0.8571428571428571,5,0.7499999999999999,6,-0.1071428571428572,1
oea_test_181,1.0,2,1.0,2,0.0,0
oea_test_849,1.0,5,1.0,4,0.0,-1
oea_test_746,1.0,4,1.0,4,0.0,0
oea_test_359,1.0,4,1.0,4,0.0,0
oea_test_804,1.0,4,1.0,4,0.0,0
oea_test_528,0.5,5,0.6666666666666666,1,0.16666666666666663,-4
oea_test_978,1.0,4,1.0,4,0.0,0
oea_test_330,0.5714285714285715,11,0.0,1,-0.5714285714285715,-10
oea_test_578,0.8571428571428571,7,0.8571428571428571,5,0.0,-2
oea_test_886,0.8571428571428571,7,0.8571428571428571,5,0.0,-2
oea_test_9,0.8571428571428571,5,1.0,4,0.1428571428571429,-1
oea_test_717,0.8571428571428571,5,1.0,4,0.1428571428571429,-1
oea_test_241,0.8571428571428571,14,0.7499999999999999,6,-0.1071428571428572,-8
oea_test_370,0.28571428571428575,13,0.5,6,0.21428571428571425,-7
oea_test_989,0.75,5,0.75,5,0.0,0
oea_test_507,0.7499999999999999,7,0.8571428571428571,5,0.1071428571428572,-2
oea_test_938,0.8,4,0.0,1,-0.8,-3
oea_test_24,0.25,15,0.5714285714285715,6,0.3214285714285715,-9
oea_test_612,0.7499999999999999,9,1.0,4,0.2500000000000001,-5
oea_test_139,0.4444444444444445,15,0.4000000000000001,15,-0.0444444444444444,0
oea_test_560,0.5,2,0.4,3,-0.09999999999999998,1
oea_test_697,1.0,4,1.0,6,0.0,2
oea_test_1020,0.3333333333333333,7,1.0,4,0.6666666666666667,-3
oea_test_299,0.33333333333333337,12,0.0,2,-0.33333333333333337,-10
oea_test_900,0.7499999999999999,11,0.8571428571428571,7,0.1071428571428572,-4
oea_test_582,0.8571428571428571,9,0.8571428571428571,6,0.0,-3
oea_test_230,0.8571428571428571,5,1.0,4,0.1428571428571429,-1
oea_test_406,0.7499999999999999,15,0.8571428571428571,5,0.1071428571428572,-10
oea_test_599,0.0,5,0.5714285714285715,15,0.5714285714285715,10
oea_test_557,0.5714285714285715,7,0.8571428571428571,5,0.2857142857142856,-2
oea_test_128,0.7499999999999999,11,0.7499999999999999,13,0.0,2
oea_test_760,0.8571428571428571,5,1.0,7,0.1428571428571429,2
oea_test_685,0.8571428571428571,5,1.0,4,0.1428571428571429,-1
oea_test_506,0.8571428571428571,5,1.0,4,0.1428571428571429,-1
oea_test_1024,0.8571428571428571,5,1.0,4,0.1428571428571429,-1
oea_test_161,1.0,4,1.0,4,0.0,0
oea_test_384,1.0,3,1.0,4,0.0,1
oea_test_398,0.8,2,0.5714285714285715,5,-0.22857142857142854,3
oea_test_811,0.0,4,0.5,2,0.5,-2
oea_test_747,0.0,3,1.0,2,1.0,-1
oea_test_1049,0.7499999999999999,6,0.8571428571428571,5,0.1071428571428572,-1
oea_test_1044,0.8571428571428571,5,0.8571428571428571,5,0.0,0
oea_test_302,0.4444444444444444,15,0.6666666666666666,14,0.2222222222222222,-1
oea_test_637,0.8571428571428571,11,1.0,9,0.1428571428571429,-2
oea_test_211,1.0,4,1.0,4,0.0,0
oea_test_775,0.8571428571428571,5,1.0,4,0.1428571428571429,-1
oea_test_511,0.6666666666666666,4,0.5714285714285715,5,-0.09523809523809512,1
oea_test_493,1.0,4,1.0,4,0.0,0
oea_test_468,1.0,4,1.0,4,0.0,0
oea_test_36,0.0,1,0.33333333333333337,5,0.33333333333333337,4
oea_test_31,1.0,7,1.0,5,0.0,-2
oea_test_366,0.5454545454545454,11,0.8571428571428571,5,0.3116883116883117,-6
oea_test_107,0.8571428571428571,4,0.8571428571428571,4,0.0,0
oea_test_267,0.4,10,0.5,4,0.09999999999999998,-6
oea_test_460,0.7499999999999999,6,0.8571428571428571,5,0.1071428571428572,-1
oea_test_1023,0.8571428571428571,5,1.0,4,0.1428571428571429,-1
oea_test_623,0.28571428571428575,12,0.4444444444444445,11,0.15873015873015872,-1
oea_test_755,1.0,2,1.0,2,0.0,0
oea_test_5,0.7499999999999999,10,0.6666666666666666,3,-0.08333333333333326,-7
oea_test_58,0.75,5,0.8571428571428571,4,0.1071428571428571,-1
oea_test_606,0.5454545454545454,15,0.4444444444444444,9,-0.101010101010101,-6
oea_test_918,0.75,15,1.0,7,0.25,-8
oea_test_778,0.6666666666666666,5,0.0,1,-0.6666666666666666,-4
oea_test_944,1.0,4,1.0,5,0.0,1
oea_test_76,0.5,8,0.6666666666666666,3,0.16666666666666663,-5
oea_test_638,0.0,3,0.6666666666666666,4,0.6666666666666666,1
oea_test_619,0.8571428571428571,5,1.0,4,0.1428571428571429,-1
oea_test_937,0.6666666666666666,9,0.5714285714285715,10,-0.09523809523809512,1
oea_test_1076,0.5714285714285715,14,0.8,4,0.22857142857142854,-10
oea_test_904,1.0,4,1.0,4,0.0,0
oea_test_83,0.75,5,0.75,5,0.0,0
oea_test_52,0.8571428571428571,7,0.8571428571428571,5,0.0,-2
oea_test_541,0.8571428571428571,5,1.0,4,0.1428571428571429,-1
oea_test_910,0.8571428571428571,5,0.8571428571428571,5,0.0,0
oea_test_360,1.0,5,1.0,5,0.0,0
oea_test_835,0.28571428571428575,9,1.0,5,0.7142857142857142,-4
oea_test_771,0.888888888888889,15,0.7272727272727273,13,-0.16161616161616166,-2
oea_test_990,0.25,12,0.5714285714285715,5,0.3214285714285715,-7
oea_test_616,0.8571428571428571,10,1.0,10,0.1428571428571429,0
oea_test_532,0.8571428571428571,5,0.8571428571428571,5,0.0,0
oea_test_543,0.75,5,0.75,5,0.0,0
oea_test_943,1.0,3,1.0,3,0.0,0
oea_test_150,0.6666666666666666,12,1.0,5,0.33333333333333337,-7
oea_test_698,0.6666666666666666,6,0.4,2,-0.2666666666666666,-4
oea_test_17,0.8571428571428571,5,1.0,4,0.1428571428571429,-1
oea_test_98,0.25,15,0.3333333333333333,3,0.08333333333333331,-12
oea_test_966,0.6,15,0.6666666666666666,3,0.06666666666666665,-12
oea_test_1062,1.0,3,1.0,3,0.0,0
oea_test_109,1.0,4,1.0,4,0.0,0
oea_test_705,1.0,4,0.8571428571428571,5,-0.1428571428571429,1
oea_test_310,0.6666666666666666,9,0.8571428571428571,5,0.19047619047619047,-4
oea_test_929,0.8571428571428571,6,0.7499999999999999,6,-0.1071428571428572,0
oea_test_915,0.4,5,1.0,3,0.6,-2
oea_test_868,0.4,2,0.8,2,0.4,0
oea_test_38,0.6666666666666666,7,0.8571428571428571,6,0.19047619047619047,-1
oea_test_178,0.0,1,0.0,1,0.0,0
oea_test_1047,0.8,6,0.4,2,-0.4,-4
oea_test_545,0.28571428571428575,6,1.0,3,0.7142857142857142,-3
oea_test_1113,0.5714285714285715,15,0.8,6,0.22857142857142854,-9
oea_test_314,0.4,9,0.5,4,0.09999999999999998,-5
oea_test_911,0.6666666666666666,10,0.0,1,-0.6666666666666666,-9
oea_test_405,0.8571428571428571,5,1.0,4,0.1428571428571429,-1
oea_test_537,1.0,4,1.0,4,0.0,0
oea_test_1132,1.0,1,0.0,1,-1.0,0
oea_test_492,0.8571428571428571,10,1.0,8,0.1428571428571429,-2
oea_test_18,1.0,4,1.0,4,0.0,0
oea_test_131,1.0,3,0.6666666666666666,2,-0.33333333333333337,-1
oea_test_682,1.0,4,1.0,4,0.0,0
oea_test_764,0.6666666666666666,12,0.6666666666666666,3,0.0,-9
oea_test_684,0.0,15,0.4,9,0.4,-6
oea_test_1040,0.4444444444444445,8,0.22222222222222224,8,-0.22222222222222224,0
oea_test_389,0.6666666666666666,3,0.0,1,-0.6666666666666666,-2
oea_test_552,0.8571428571428571,5,1.0,4,0.1428571428571429,-1
oea_test_410,0.8,7,0.3333333333333333,6,-0.46666666666666673,-1
oea_test_96,0.7499999999999999,6,1.0,4,0.2500000000000001,-2
oea_test_848,1.0,4,1.0,4,0.0,0
oea_test_1069,1.0,4,1.0,4,0.0,0
oea_test_357,0.7499999999999999,10,1.0,4,0.2500000000000001,-6
oea_test_502,1.0,4,1.0,4,0.0,0
oea_test_983,1.0,4,1.0,4,0.0,0
oea_test_896,0.7499999999999999,6,1.0,4,0.2500000000000001,-2
oea_test_1093,0.25,14,0.3333333333333333,5,0.08333333333333331,-9
oea_test_10,0.0,2,1.0,2,1.0,0
oea_test_942,0.5,3,0.5,3,0.0,0
oea_test_941,1.0,10,0.5714285714285715,12,-0.4285714285714285,2
oea_test_551,0.6666666666666666,15,1.0,12,0.33333333333333337,-3
oea_test_108,0.5,15,0.6666666666666666,6,0.16666666666666663,-9
oea_test_95,0.8571428571428571,5,1.0,4,0.1428571428571429,-1
oea_test_333,1.0,2,0.8,3,-0.19999999999999996,1
oea_test_42,0.8571428571428571,5,1.0,4,0.1428571428571429,-1
oea_test_41,0.6666666666666666,8,0.8571428571428571,5,0.19047619047619047,-3
oea_test_671,0.5,15,0.4,8,-0.09999999999999998,-7
oea_test_339,0.8571428571428571,6,0.8571428571428571,5,0.0,-1
oea_test_1014,0.7499999999999999,6,0.8571428571428571,5,0.1071428571428572,-1
oea_test_482,0.8571428571428571,5,1.0,4,0.1428571428571429,-1
oea_test_516,0.7499999999999999,6,1.0,4,0.2500000000000001,-2
oea_test_274,0.8571428571428571,5,0.8571428571428571,5,0.0,0
oea_test_751,0.4,3,0.4,4,0.0,1
oea_test_373,0.5,4,0.4,3,-0.09999999999999998,-1
oea_test_816,0.5,15,0.8,2,0.30000000000000004,-13
oea_test_114,0.5,2,1.0,3,0.5,1
oea_test_287,0.5714285714285715,15,0.75,5,0.1785714285714285,-10
oea_test_417,0.75,10,0.8571428571428571,3,0.1071428571428571,-7
oea_test_1143,0.8571428571428571,5,0.8571428571428571,5,0.0,0
oea_test_190,0.4,3,1.0,2,0.6,-1
oea_test_187,0.3333333333333333,15,0.0,3,-0.3333333333333333,-12
oea_test_967,0.3333333333333333,10,0.8,4,0.46666666666666673,-6
oea_test_431,0.75,5,0.75,5,0.0,0
oea_test_559,0.8,5,0.8,4,0.0,-1
oea_test_469,0.8571428571428571,5,0.8571428571428571,5,0.0,0
oea_test_611,0.8571428571428571,5,1.0,4,0.1428571428571429,-1
oea_test_589,0.5714285714285715,12,0.6666666666666666,5,0.09523809523809512,-7
oea_test_68,0.5454545454545454,14,1.0,4,0.4545454545454546,-10
oea_test_593,0.0,4,0.4,3,0.4,-1
oea_test_723,0.6666666666666666,5,1.0,2,0.33333333333333337,-3
oea_test_670,0.0,4,0.6666666666666666,11,0.6666666666666666,7
oea_test_736,0.75,5,0.75,5,0.0,0
oea_test_383,0.25,15,0.8,3,0.55,-12
oea_test_90,0.5714285714285715,7,0.8,3,0.22857142857142854,-4
oea_test_55,0.888888888888889,7,0.5,6,-0.38888888888888895,-1
oea_test_415,0.5714285714285715,9,0.6666666666666666,8,0.09523809523809512,-1
oea_test_539,0.8571428571428571,5,1.0,4,0.1428571428571429,-1
oea_test_411,0.5,15,0.5714285714285715,7,0.07142857142857151,-8
oea_test_118,0.6666666666666666,7,0.8571428571428571,5,0.19047619047619047,-2
oea_test_773,0.28571428571428575,6,1.0,3,0.7142857142857142,-3
oea_test_420,1.0,4,1.0,4,0.0,0
oea_test_328,1.0,6,0.888888888888889,5,-0.11111111111111105,-1
oea_test_72,0.75,5,0.75,5,0.0,0
oea_test_313,1.0,5,0.888888888888889,6,-0.11111111111111105,1
oea_test_1126,1.0,4,1.0,4,0.0,0
oea_test_808,0.7499999999999999,10,1.0,4,0.2500000000000001,-6
oea_test_1102,0.28571428571428575,10,0.5,2,0.21428571428571425,-8
oea_test_188,1.0,15,1.0,5,0.0,-10
oea_test_1037,0.6666666666666665,6,0.75,5,0.08333333333333348,-1
oea_test_347,0.8,15,1.0,2,0.19999999999999996,-13
oea_test_653,0.75,5,0.75,5,0.0,0
oea_test_294,0.5454545454545454,12,0.8571428571428571,5,0.3116883116883117,-7
oea_test_112,0.888888888888889,6,1.0,7,0.11111111111111105,1
oea_test_852,1.0,2,1.0,2,0.0,0
oea_test_443,0.8571428571428571,7,1.0,4,0.1428571428571429,-3
oea_test_749,0.4,4,0.6666666666666666,1,0.2666666666666666,-3
oea_test_231,0.6666666666666666,14,0.8571428571428571,7,0.19047619047619047,-7
oea_test_34,0.6666666666666666,4,0.5714285714285715,6,-0.09523809523809512,2
oea_test_957,0.5,5,0.3333333333333333,7,-0.16666666666666669,2
oea_test_444,0.8571428571428571,5,1.0,4,0.1428571428571429,-1
oea_test_571,0.5,2,0.6666666666666666,1,0.16666666666666663,-1
oea_test_133,0.25,9,0.5,7,0.25,-2
oea_test_1098,0.2,15,0.8,9,0.6000000000000001,-6
oea_test_515,1.0,1,1.0,1,0.0,0
oea_test_762,1.0,5,1.0,5,0.0,0
oea_test_799,0.0,2,0.8,4,0.8,2
oea_test_1048,0.3333333333333333,5,0.5,2,0.16666666666666669,-3
oea_test_20,0.4,7,1.0,15,0.6,8
oea_test_841,0.6666666666666666,4,1.0,3,0.33333333333333337,-1
oea_test_194,0.5,2,1.0,2,0.5,0
oea_test_1034,0.7499999999999999,7,0.8571428571428571,5,0.1071428571428572,-2
oea_test_250,0.4,2,0.6666666666666666,3,0.2666666666666666,1
oea_test_221,0.8571428571428571,5,1.0,8,0.1428571428571429,3
oea_test_442,1.0,4,1.0,4,0.0,0
oea_test_1155,0.8571428571428571,5,1.0,4,0.1428571428571429,-1
oea_test_199,0.5,2,0.5,3,0.0,1
oea_test_196,0.4,15,0.8,4,0.4,-11
oea_test_48,0.8571428571428571,5,1.0,4,0.1428571428571429,-1
oea_test_812,0.8571428571428571,5,1.0,4,0.1428571428571429,-1
oea_test_257,0.4,2,0.4,2,0.0,0
oea_test_402,1.0,4,1.0,3,0.0,-1
oea_test_1152,1.0,4,1.0,4,0.0,0
oea_test_100,0.8,3,0.6666666666666666,3,-0.13333333333333341,0
oea_test_880,0.7499999999999999,8,0.8571428571428571,7,0.1071428571428572,-1
oea_test_980,0.5,3,0.4,4,-0.09999999999999998,1
oea_test_84,0.7499999999999999,6,0.7499999999999999,7,0.0,1
oea_test_99,1.0,2,1.0,2,0.0,0
oea_test_926,0.8571428571428571,7,0.8571428571428571,5,0.0,-2
oea_test_303,0.3333333333333333,15,0.28571428571428575,15,-0.04761904761904756,0
oea_test_483,1.0,4,1.0,4,0.0,0
oea_test_414,0.8571428571428571,5,1.0,4,0.1428571428571429,-1
oea_test_679,0.8,9,1.0,3,0.19999999999999996,-6
oea_test_438,0.8571428571428571,5,1.0,4,0.1428571428571429,-1
oea_test_732,0.6666666666666665,9,0.5,7,-0.16666666666666652,-2
oea_test_450,0.0,5,0.25,10,0.25,5
oea_test_947,0.8571428571428571,7,1.0,7,0.1428571428571429,0
oea_test_130,0.0,15,0.0,1,0.0,-14
oea_test_277,0.6666666666666666,9,0.7499999999999999,11,0.08333333333333326,2
oea_test_632,0.6,13,0.6666666666666665,11,0.06666666666666654,-2
oea_test_499,0.3333333333333333,15,0.5714285714285715,8,0.2380952380952382,-7
oea_test_255,0.5,3,0.8,8,0.30000000000000004,5
oea_test_159,1.0,2,1.0,2,0.0,0
oea_test_725,0.7499999999999999,6,0.8571428571428571,5,0.1071428571428572,-1
oea_test_1041,0.6153846153846153,15,0.0,15,-0.6153846153846153,0
oea_test_975,0.8571428571428571,5,0.8571428571428571,5,0.0,0
oea_test_1035,0.8571428571428571,5,0.8571428571428571,5,0.0,0
oea_test_584,0.5,3,0.6666666666666666,4,0.16666666666666663,1
oea_test_1115,0.0,5,0.0,1,0.0,-4
oea_test_393,0.7499999999999999,6,0.8571428571428571,6,0.1071428571428572,0
oea_test_473,0.75,5,1.0,8,0.25,3
oea_test_579,0.75,5,0.75,5,0.0,0
oea_test_735,0.8571428571428571,5,1.0,4,0.1428571428571429,-1
oea_test_140,0.5714285714285715,7,0.6666666666666666,6,0.09523809523809512,-1
oea_test_459,0.8571428571428571,5,1.0,4,0.1428571428571429,-1
oea_test_1045,1.0,6,1.0,6,0.0,0
oea_test_530,0.7499999999999999,8,0.8571428571428571,5,0.1071428571428572,-3
oea_test_494,0.4,15,0.3333333333333333,7,-0.06666666666666671,-8
oea_test_851,0.6666666666666666,14,0.7499999999999999,12,0.08333333333333326,-2
oea_test_1071,0.888888888888889,5,0.888888888888889,5,0.0,0
oea_test_184,0.7499999999999999,6,1.0,4,0.2500000000000001,-2
oea_test_1090,1.0,2,1.0,2,0.0,0
oea_test_430,0.8571428571428571,5,1.0,4,0.1428571428571429,-1
oea_test_1009,0.8571428571428571,7,0.8571428571428571,5,0.0,-2
oea_test_334,1.0,12,0.8000000000000002,15,-0.19999999999999984,3
oea_test_1118,0.5714285714285715,5,0.5,1,-0.07142857142857151,-4
oea_test_617,0.3333333333333333,4,0.5,3,0.16666666666666669,-1
oea_test_456,0.7142857142857143,15,0.20000000000000004,9,-0.5142857142857142,-6
oea_test_587,0.3333333333333333,4,1.0,2,0.6666666666666667,-2
oea_test_519,0.7499999999999999,12,0.7499999999999999,6,0.0,-6
oea_test_1022,1.0,4,1.0,4,0.0,0
oea_test_426,0.4,7,0.0,4,-0.4,-3
oea_test_110,1.0,3,1.0,2,0.0,-1
oea_test_218,1.0,4,1.0,4,0.0,0
oea_test_227,0.888888888888889,5,0.5,12,-0.38888888888888895,7
oea_test_50,0.0,6,0.0,4,0.0,-2
oea_test_282,0.7499999999999999,6,0.7499999999999999,6,0.0,0
oea_test_733,0.75,5,0.75,5,0.0,0
oea_test_754,0.6666666666666666,15,0.7499999999999999,9,0.08333333333333326,-6
oea_test_750,0.3333333333333333,14,0.28571428571428575,5,-0.04761904761904756,-9
oea_test_916,0.8571428571428571,5,0.8571428571428571,6,0.0,1
oea_test_742,0.0,1,0.0,1,0.0,0
oea_test_509,0.0,3,0.4,2,0.4,-1
oea_test_504,0.8571428571428571,5,1.0,4,0.1428571428571429,-1
oea_test_129,0.0,1,0.0,1,0.0,0
oea_test_286,0.0,2,0.4,3,0.4,1
oea_test_661,0.4,4,0.5,3,0.09999999999999998,-1
oea_test_634,0.8571428571428571,5,1.0,4,0.1428571428571429,-1
oea_test_798,0.5,7,0.3333333333333333,5,-0.16666666666666669,-2
oea_test_648,0.5714285714285715,12,0.5,6,-0.07142857142857151,-6
oea_test_88,0.8571428571428571,9,1.0,4,0.1428571428571429,-5
oea_test_1168,0.75,5,0.8571428571428571,4,0.1071428571428571,-1
oea_test_954,0.8571428571428571,5,0.8571428571428571,5,0.0,0
oea_test_276,0.8571428571428571,5,1.0,4,0.1428571428571429,-1
oea_test_669,0.8571428571428571,5,1.0,4,0.1428571428571429,-1
oea_test_621,0.7499999999999999,7,0.8571428571428571,5,0.1071428571428572,-2
oea_test_1100,0.75,5,0.75,5,0.0,0
oea_test_902,0.6666666666666666,8,1.0,4,0.33333333333333337,-4
oea_test_535,1.0,6,1.0,5,0.0,-1
oea_test_60,1.0,3,1.0,3,0.0,0
oea_test_614,0.4444444444444444,15,0.5,8,0.05555555555555558,-7
oea_test_367,0.8571428571428571,8,1.0,4,0.1428571428571429,-4
oea_test_1004,1.0,4,1.0,4,0.0,0
oea_test_93,0.6153846153846154,13,0.0,5,-0.6153846153846154,-8
oea_test_47,1.0,4,1.0,4,0.0,0
oea_test_487,0.8571428571428571,5,1.0,4,0.1428571428571429,-1
oea_test_892,0.8571428571428571,5,1.0,4,0.1428571428571429,-1
oea_test_368,0.8571428571428571,6,0.8571428571428571,5,0.0,-1
oea_test_769,0.0,3,0.0,1,0.0,-2
oea_test_162,1.0,4,1.0,4,0.0,0
oea_test_452,0.28571428571428575,7,1.0,3,0.7142857142857142,-4
oea_test_354,0.5,3,0.0,1,-0.5,-2
oea_test_992,0.8571428571428571,5,1.0,4,0.1428571428571429,-1
oea_test_921,0.7499999999999999,6,0.8571428571428571,5,0.1071428571428572,-1
oea_test_305,0.0,1,0.8,5,0.8,4
oea_test_1070,0.8571428571428571,4,0.4,2,-0.4571428571428571,-2
oea_test_111,0.7499999999999999,6,1.0,4,0.2500000000000001,-2
oea_test_422,1.0,4,1.0,4,0.0,0
oea_test_676,0.8571428571428571,15,0.8571428571428571,9,0.0,-6
oea_test_116,0.5,13,0.5,9,0.0,-4
oea_test_945,0.8,3,0.4,2,-0.4,-1
oea_test_912,0.6,11,0.6666666666666666,3,0.06666666666666665,-8
oea_test_1080,0.5714285714285715,8,0.8571428571428571,4,0.2857142857142856,-4
oea_test_688,0.8571428571428571,5,1.0,4,0.1428571428571429,-1
oea_test_939,0.8571428571428571,4,0.8571428571428571,4,0.0,0
oea_test_853,1.0,4,1.0,4,0.0,0
oea_test_264,0.5714285714285715,5,0.4444444444444445,12,-0.12698412698412703,7
oea_test_923,0.8571428571428571,5,1.0,4,0.1428571428571429,-1
oea_test_828,0.8571428571428571,6,0.8571428571428571,6,0.0,0
oea_test_1116,0.8571428571428571,5,1.0,4,0.1428571428571429,-1
oea_test_1027,0.6666666666666666,15,0.5,15,-0.16666666666666663,0
oea_test_895,0.2,15,0.5,12,0.3,-3
oea_test_997,0.75,5,0.75,5,0.0,0
oea_test_21,0.8571428571428571,5,1.0,4,0.1428571428571429,-1
oea_test_467,0.6666666666666665,10,0.75,6,0.08333333333333348,-4
oea_test_270,0.7499999999999999,6,1.0,4,0.2500000000000001,-2
oea_test_427,0.25,15,0.28571428571428575,15,0.035714285714285754,0
oea_test_312,0.8571428571428571,5,1.0,4,0.1428571428571429,-1
oea_test_224,0.0,3,0.3333333333333333,4,0.3333333333333333,1
oea_test_1011,0.6666666666666666,9,1.0,4,0.33333333333333337,-5
oea_test_1077,0.8,3,0.8,3,0.0,0
oea_test_846,0.4,2,0.8,2,0.4,0
oea_test_794,1.0,4,1.0,3,0.0,-1
oea_test_1145,0.0,1,0.0,1,0.0,0
oea_test_208,0.8,3,1.0,2,0.19999999999999996,-1
oea_test_386,0.8571428571428571,5,1.0,4,0.1428571428571429,-1
oea_test_147,0.8571428571428571,5,1.0,4,0.1428571428571429,-1
oea_test_418,1.0,2,1.0,2,0.0,0
oea_test_659,0.75,5,0.75,5,0.0,0
oea_test_243,0.8571428571428571,15,1.0,7,0.1428571428571429,-8
oea_test_972,1.0,6,1.0,4,0.0,-2
oea_test_462,0.7499999999999999,6,0.8571428571428571,5,0.1071428571428572,-1
oea_test_711,0.6666666666666666,15,0.0,4,-0.6666666666666666,-11
oea_test_49,0.8571428571428571,5,0.8571428571428571,5,0.0,0
oea_test_800,0.5454545454545454,15,0.8571428571428571,5,0.3116883116883117,-10
oea_test_496,0.5714285714285715,15,0.5,5,-0.07142857142857151,-10
oea_test_234,1.0,5,0.888888888888889,6,-0.11111111111111105,1
oea_test_237,0.8571428571428571,5,1.0,4,0.1428571428571429,-1
oea_test_788,0.8571428571428571,5,1.0,4,0.1428571428571429,-1
oea_test_1086,0.8,4,0.8,3,0.0,-1
oea_test_457,1.0,4,1.0,4,0.0,0
oea_test_869,1.0,2,0.8,3,-0.19999999999999996,1
oea_test_13,0.5,14,0.5714285714285715,12,0.07142857142857151,-2
oea_test_206,1.0,4,1.0,4,0.0,0
oea_test_1121,0.6666666666666665,12,0.75,5,0.08333333333333348,-7
oea_test_71,1.0,2,1.0,2,0.0,0
oea_test_281,0.8571428571428571,8,0.8571428571428571,5,0.0,-3
oea_test_894,0.8571428571428571,5,1.0,4,0.1428571428571429,-1
oea_test_540,0.8,10,0.6666666666666666,1,-0.13333333333333341,-9
oea_test_434,0.5,2,1.0,2,0.5,0
oea_test_119,1.0,4,1.0,4,0.0,0
oea_test_526,0.0,2,0.25,6,0.25,4
oea_test_1053,0.6666666666666666,8,0.5,2,-0.16666666666666663,-6
oea_test_639,0.7499999999999999,7,0.7499999999999999,8,0.0,1
oea_test_666,0.6666666666666666,7,1.0,5,0.33333333333333337,-2
oea_test_176,0.75,5,0.75,5,0.0,0
oea_test_204,0.6666666666666666,7,0.8571428571428571,5,0.19047619047619047,-2
oea_test_815,0.6666666666666666,1,0.6666666666666666,1,0.0,0
oea_test_803,0.75,5,0.75,5,0.0,0
oea_test_626,1.0,4,1.0,4,0.0,0
oea_test_440,0.5,5,0.8571428571428571,5,0.3571428571428571,0
oea_test_699,0.7499999999999999,14,0.8571428571428571,7,0.1071428571428572,-7
oea_test_1083,0.4,3,0.5,2,0.09999999999999998,-1
oea_test_662,0.6666666666666666,5,0.25,8,-0.41666666666666663,3
oea_test_144,0.5714285714285715,10,0.8,7,0.22857142857142854,-3
oea_test_668,1.0,6,1.0,6,0.0,0
oea_test_837,0.3333333333333333,3,0.25,15,-0.08333333333333331,12
oea_test_86,0.8,4,0.5714285714285715,9,-0.22857142857142854,5
oea_test_715,0.75,5,0.75,5,0.0,0
oea_test_658,0.6666666666666666,15,0.8571428571428571,7,0.19047619047619047,-8
oea_test_171,0.8571428571428571,5,0.8571428571428571,5,0.0,0
oea_test_395,1.0,2,1.0,2,0.0,0
oea_test_903,0.6666666666666666,9,0.5,2,-0.16666666666666663,-7
oea_test_806,1.0,7,1.0,4,0.0,-3
oea_test_968,0.22222222222222224,15,0.5,9,0.2777777777777778,-6
oea_test_745,0.4,2,0.6666666666666666,3,0.2666666666666666,1
oea_test_1006,0.6666666666666666,15,0.5,6,-0.16666666666666663,-9
oea_test_608,0.8571428571428571,5,1.0,4,0.1428571428571429,-1
oea_test_704,0.5714285714285715,7,1.0,3,0.4285714285714285,-4
oea_test_741,0.4,2,1.0,3,0.6,1
oea_test_154,0.6666666666666666,13,1.0,2,0.33333333333333337,-11
oea_test_1067,0.8571428571428571,5,1.0,4,0.1428571428571429,-1
oea_test_633,0.8571428571428571,5,1.0,4,0.1428571428571429,-1
oea_test_1029,0.8571428571428571,6,1.0,4,0.1428571428571429,-2
oea_test_1052,0.7499999999999999,10,0.8571428571428571,5,0.1071428571428572,-5
oea_test_45,0.8,3,0.4,2,-0.4,-1
oea_test_252,0.8571428571428571,5,1.0,4,0.1428571428571429,-1
oea_test_607,0.5,11,0.6666666666666666,8,0.16666666666666663,-3
oea_test_777,0.8571428571428571,5,1.0,5,0.1428571428571429,0
oea_test_713,0.28571428571428575,7,0.0,1,-0.28571428571428575,-6
oea_test_472,0.6,15,0.6,15,0.0,0
oea_test_866,1.0,6,1.0,12,0.0,6
oea_test_40,0.8571428571428571,5,0.8571428571428571,5,0.0,0
oea_test_213,0.5,15,0.3333333333333333,11,-0.16666666666666669,-4
oea_test_795,1.0,4,0.8571428571428571,8,-0.1428571428571429,4
oea_test_786,1.0,4,0.8571428571428571,5,-0.1428571428571429,1
oea_test_62,0.3333333333333333,3,0.0,1,-0.3333333333333333,-2
oea_test_332,0.8571428571428571,5,0.8571428571428571,5,0.0,0
oea_test_985,0.8571428571428571,5,1.0,4,0.1428571428571429,-1
oea_test_789,0.8,4,0.5,2,-0.30000000000000004,-2
oea_test_327,0.8571428571428571,5,0.8571428571428571,5,0.0,0
oea_test_700,1.0,5,1.0,5,0.0,0
oea_test_969,1.0,4,0.8571428571428571,5,-0.1428571428571429,1
oea_test_1091,0.5,15,1.0,2,0.5,-13
oea_test_466,0.6666666666666666,2,0.4,4,-0.2666666666666666,2
oea_test_325,0.888888888888889,6,1.0,5,0.11111111111111105,-1
oea_test_802,1.0,4,1.0,4,0.0,0
oea_test_770,0.4,7,0.8,4,0.4,-3
oea_test_291,0.888888888888889,5,0.888888888888889,5,0.0,0
oea_test_562,1.0,4,1.0,4,0.0,0
oea_test_549,0.8571428571428571,7,0.8571428571428571,5,0.0,-2
oea_test_233,0.8,9,1.0,5,0.19999999999999996,-4
oea_test_850,1.0,2,0.8,3,-0.19999999999999996,1
oea_test_331,0.5714285714285715,7,0.7499999999999999,6,0.17857142857142838,-1
oea_test_696,0.8571428571428571,5,0.8571428571428571,5,0.0,0
oea_test_289,0.8,6,0.8,6,0.0,0
oea_test_672,0.8,8,1.0,3,0.19999999999999996,-5
oea_test_981,1.0,4,1.0,4,0.0,0
oea_test_690,0.3333333333333333,11,0.3333333333333333,14,0.0,3
oea_test_523,1.0,5,1.0,5,0.0,0
oea_test_437,0.3333333333333333,8,0.0,2,-0.3333333333333333,-6
oea_test_448,0.5714285714285715,6,0.8571428571428571,6,0.2857142857142856,0
oea_test_842,1.0,4,1.0,4,0.0,0
oea_test_69,0.8571428571428571,5,1.0,4,0.1428571428571429,-1
oea_test_32,0.3333333333333333,11,0.25,15,-0.08333333333333331,4
oea_test_843,0.5,2,0.8,3,0.30000000000000004,1
oea_test_651,0.7499999999999999,8,0.5454545454545454,12,-0.20454545454545447,4
oea_test_322,1.0,4,0.8571428571428571,6,-0.1428571428571429,2
oea_test_1119,0.7499999999999999,6,0.8571428571428571,5,0.1071428571428572,-1
oea_test_520,0.25,15,0.4,3,0.15000000000000002,-12
oea_test_498,1.0,5,1.0,4,0.0,-1
oea_test_791,0.8571428571428571,5,0.8571428571428571,5,0.0,0
oea_test_766,1.0,5,1.0,4,0.0,-1
oea_test_412,0.8571428571428571,5,1.0,5,0.1428571428571429,0
oea_test_285,1.0,5,1.0,5,0.0,0
oea_test_893,0.8571428571428571,7,0.7499999999999999,6,-0.1071428571428572,-1
oea_test_385,0.8571428571428571,6,1.0,4,0.1428571428571429,-2
oea_test_1031,0.6666666666666666,1,1.0,2,0.33333333333333337,1
oea_test_446,0.4444444444444445,15,0.0,15,-0.4444444444444445,0
