group,metric,mean,lo,hi
"All tasks
(n=1162)",(a) Success gain (pp),5.679862306368331,3.6144578313253013,7.6592082616179
"All tasks
(n=1162)",(b) Set F1 gain,0.07064020078219735,0.05775087995290233,0.08439298981521443
"All tasks
(n=1162)",(c) Calls saved,1.6772805507745268,1.4827022375215146,1.8752151462994837
"1-2 calls
(n=143)",(a) Success gain (pp),4.195804195804196,-3.4965034965034967,11.888111888111888
"1-2 calls
(n=143)",(b) Set F1 gain,0.05537966307197077,0.000734297753528528,0.11149035793266564
"1-2 calls
(n=143)",(c) Calls saved,1.937062937062937,1.3286713286713288,2.5734265734265733
"3-4 calls
(n=757)",(a) Success gain (pp),5.9445178335535,3.830911492734478,8.3223249669749
"3-4 calls
(n=757)",(b) Set F1 gain,0.08843654510761512,0.07418371772070585,0.1022806451951102
"3-4 calls
(n=757)",(c) Calls saved,1.5614266842800528,1.3487450462351387,1.7793923381770145
"5+ calls
(n=262)",(a) Success gain (pp),5.7251908396946565,0.7633587786259542,10.305343511450381
"5+ calls
(n=262)",(b) Set F1 gain,0.027550216958613906,-0.004317222482775919,0.05793366329387321
"5+ calls
(n=262)",(c) Calls saved,1.8702290076335877,1.4045801526717556,2.3702290076335877
